CUSTOMER_ID,TERMINAL_ID
1,362
1,74
1,375
2,307
2,450
2,124
3,116
3,268
3,28
4,213
4,325
4,299
5,470
5,29
5,379
6,198
6,427
6,450
7,431
7,151
7,13
8,276
8,348
8,255
9,131
9,204
9,244
10,113
10,270
10,251
11,460
11,310
11,165
12,177
12,486
12,110
13,403
13,319
13,444
14,431
14,311
14,250
15,60
15,409
15,250
16,381
16,417
16,303
17,71
17,495
17,354
18,201
18,345
18,347
19,102
19,327
19,182
20,67
20,97
20,328
21,320
21,7
21,413
22,464
22,354
22,83
23,498
23,281
23,286
24,45
24,40
24,176
25,379
25,349
25,130
26,113
26,285
26,414
27,39
27,291
27,301
28,140
28,244
28,194
29,192
29,184
29,85
30,195
30,344
30,91
31,90
31,481
31,49
32,90
32,191
32,401
33,95
33,48
33,159
34,326
34,176
34,397
35,480
35,381
35,383
36,408
36,195
36,90
37,102
37,79
37,98
38,337
38,305
38,366
39,481
39,181
39,330
40,94
40,421
40,183
41,27
41,36
41,282
42,117
42,160
42,203
43,209
43,369
43,153
44,125
44,382
44,314
45,210
45,95
45,280
46,88
46,181
46,237
47,71
47,342
47,222
48,495
48,248
48,105
49,94
49,103
49,258
50,12
50,184
50,367
51,68
51,467
51,156
52,99
52,484
52,417
53,162
53,287
53,14
54,174
54,322
54,403
55,113
55,117
55,483
56,156
56,64
56,233
57,364
57,460
57,300
58,234
58,450
58,77
59,71
59,296
59,308
60,462
60,314
60,3
61,451
61,18
61,279
62,302
62,481
62,253
63,320
63,48
63,155
64,222
64,378
64,429
65,120
65,124
65,60
66,151
66,78
66,290
67,228
67,357
67,301
68,471
68,231
68,293
69,400
69,95
69,196
70,30
70,13
70,299
71,99
71,239
71,483
72,162
72,99
72,71
73,429
73,290
73,188
74,3
74,190
74,270
75,184
75,281
75,129
76,389
76,179
76,387
77,176
77,257
77,242
78,229
78,102
78,468
79,82
79,212
79,272
80,331
80,214
80,480
81,245
81,499
81,60
82,96
82,476
82,283
83,35
83,155
83,307
84,45
84,84
84,263
85,35
85,267
85,262
86,290
86,454
86,151
87,195
87,444
87,98
88,406
88,217
88,60
89,131
89,159
89,421
90,49
90,143
90,223
91,135
91,237
91,398
92,472
92,16
92,38
93,454
93,275
93,84
94,68
94,274
94,344
95,52
95,219
95,26
96,147
96,122
96,78
97,243
97,447
97,140
98,1
98,216
98,373
99,254
99,112
99,69
100,64
100,462
100,332
101,308
101,282
101,423
102,350
102,461
102,176
103,388
103,19
103,391
104,22
104,239
104,261
105,355
105,273
105,424
106,228
106,23
106,272
107,375
107,372
107,297
108,358
108,483
108,462
109,457
109,439
109,76
110,217
110,325
110,164
111,388
111,37
111,127
112,369
112,412
112,386
113,487
113,159
113,219
114,84
114,403
114,413
115,44
115,217
115,194
116,447
116,22
116,371
117,158
117,329
117,327
118,333
118,478
118,93
119,225
119,308
119,114
120,102
120,152
120,431
121,293
121,357
121,100
122,94
122,289
122,50
123,416
123,448
123,279
124,346
124,258
124,314
125,295
125,283
125,117
126,226
126,264
126,247
127,463
127,23
127,356
128,277
128,197
128,176
129,249
129,128
129,450
130,158
130,94
130,265
131,266
131,345
131,85
132,123
132,98
132,310
133,334
133,484
133,497
134,82
134,85
134,10
135,31
135,115
135,194
136,454
136,257
136,353
137,217
137,220
137,310
138,199
138,124
138,264
139,58
139,243
139,406
140,142
140,94
140,141
141,297
141,419
141,416
142,206
142,298
142,69
143,308
143,204
143,226
144,339
144,172
144,315
145,321
145,302
145,18
146,8
146,327
146,431
147,10
147,336
147,458
148,16
148,151
148,435
149,216
149,328
149,286
150,13
150,403
150,362
151,227
151,14
151,224
152,500
152,496
152,345
153,381
153,287
153,71
154,281
154,207
154,359
155,127
155,252
155,374
156,337
156,189
156,242
157,185
157,239
157,440
158,41
158,440
158,213
159,334
159,299
159,260
160,294
160,277
160,454
161,54
161,199
161,170
162,93
162,120
162,87
163,20
163,181
163,115
164,252
164,74
164,187
165,429
165,171
165,408
166,488
166,233
166,419
167,354
167,21
167,353
168,306
168,193
168,61
169,186
169,360
169,410
170,373
170,317
170,302
171,32
171,174
171,292
172,165
172,35
172,16
173,70
173,290
173,396
174,211
174,149
174,282
175,104
175,210
175,444
176,179
176,435
176,341
177,428
177,387
177,187
178,427
178,493
178,119
179,152
179,79
179,209
180,218
180,480
180,478
181,126
181,463
181,203
182,246
182,193
182,92
183,308
183,457
183,432
184,57
184,489
184,116
185,102
185,114
185,174
186,23
186,177
186,2
187,438
187,72
187,77
188,355
188,248
188,247
189,229
189,275
189,69
190,249
190,361
190,85
191,469
191,10
191,340
192,350
192,381
192,369
193,301
193,303
193,75
194,337
194,55
194,457
195,71
195,426
195,295
196,319
196,179
196,151
197,322
197,345
197,121
198,239
198,206
198,404
199,81
199,402
199,128
200,260
200,197
200,331
201,6
201,378
201,86
202,251
202,232
202,280
203,31
203,427
203,279
204,19
204,344
204,368
205,60
205,55
205,180
206,241
206,120
206,92
207,483
207,218
207,33
208,435
208,441
208,133
209,16
209,378
209,48
210,487
210,51
210,121
211,63
211,288
211,311
212,272
212,117
212,250
213,237
213,423
213,8
214,196
214,390
214,356
215,304
215,314
215,431
216,467
216,491
216,416
217,497
217,85
217,326
218,357
218,367
218,251
219,183
219,470
219,101
220,463
220,489
220,456
221,433
221,351
221,60
222,363
222,136
222,259
223,151
223,269
223,10
224,244
224,443
224,98
225,137
225,243
225,134
226,274
226,88
226,252
227,360
227,306
227,178
228,151
228,216
228,378
229,128
229,135
229,336
230,3
230,412
230,330
231,290
231,57
231,371
232,107
232,442
232,75
233,82
233,155
233,462
234,211
234,242
234,279
235,162
235,411
235,396
236,184
236,35
236,422
237,211
237,63
237,102
238,18
238,243
238,203
239,158
239,267
239,405
240,435
240,411
240,374
241,119
241,166
241,291
242,170
242,213
242,372
243,76
243,199
243,162
244,153
244,50
244,157
245,463
245,298
245,258
246,162
246,462
246,106
247,222
247,358
247,459
248,106
248,191
248,426
249,123
249,371
249,196
250,100
250,296
250,289
251,371
251,343
251,239
252,3
252,202
252,439
253,89
253,12
253,383
254,147
254,488
254,76
255,385
255,368
255,87
256,177
256,473
256,399
257,73
257,249
257,61
258,159
258,269
258,202
259,368
259,300
259,373
260,305
260,467
260,72
261,164
261,93
261,160
262,347
262,163
262,101
263,124
263,461
263,70
264,200
264,16
264,430
265,465
265,241
265,179
266,91
266,399
266,85
267,281
267,323
267,448
268,93
268,100
268,118
269,303
269,201
269,380
270,18
270,256
270,6
271,130
271,55
271,420
272,49
272,373
272,111
273,126
273,335
273,491
274,365
274,386
274,215
275,35
275,302
275,492
276,325
276,180
276,241
277,198
277,381
277,351
278,416
278,236
278,7
279,325
279,33
279,398
280,167
280,55
280,323
281,1
281,157
281,292
282,85
282,232
282,475
283,239
283,324
283,482
284,166
284,346
284,419
285,242
285,227
285,476
286,401
286,45
286,267
287,16
287,176
287,37
288,363
288,244
288,286
289,317
289,154
289,437
290,245
290,470
290,254
291,154
291,495
291,78
292,156
292,301
292,404
293,429
293,253
293,417
294,482
294,234
294,132
295,257
295,75
295,102
296,311
296,118
296,86
297,480
297,95
297,423
298,49
298,179
298,322
299,192
299,340
299,86
300,193
300,158
300,73
301,157
301,418
301,265
302,197
302,83
302,181
303,103
303,113
303,471
304,115
304,192
304,373
305,363
305,232
305,320
306,464
306,163
306,213
307,56
307,150
307,329
308,423
308,255
308,47
309,180
309,255
309,476
310,306
310,3
310,431
311,312
311,101
311,43
312,92
312,288
312,236
313,372
313,371
313,116
314,268
314,305
314,459
315,46
315,186
315,257
316,162
316,365
316,189
317,500
317,274
317,178
318,358
318,433
318,124
319,78
319,395
319,76
320,298
320,1
320,3
321,277
321,93
321,469
322,149
322,353
322,134
323,181
323,344
323,430
324,141
324,170
324,171
325,434
325,122
325,17
326,443
326,185
326,117
327,193
327,60
327,55
328,321
328,138
328,219
329,443
329,486
329,377
330,24
330,92
330,33
331,73
331,146
331,114
332,274
332,417
332,109
333,69
333,214
333,331
334,5
334,138
334,92
335,348
335,455
335,343
336,383
336,48
336,444
337,244
337,31
337,203
338,320
338,421
338,245
339,276
339,221
339,306
340,102
340,338
340,469
341,490
341,325
341,444
342,184
342,137
342,5
343,434
343,480
343,399
344,413
344,381
344,215
345,92
345,417
345,144
346,75
346,238
346,125
347,29
347,436
347,295
348,130
348,360
348,122
349,98
349,497
349,9
350,303
350,232
350,91
351,362
351,104
351,163
352,31
352,233
352,441
353,95
353,361
353,84
354,99
354,110
354,220
355,310
355,337
355,494
356,103
356,375
356,92
357,389
357,365
357,81
358,91
358,491
358,275
359,216
359,141
359,486
360,242
360,29
360,247
361,330
361,493
361,83
362,450
362,425
362,196
363,141
363,389
363,200
364,491
364,402
364,376
365,312
365,56
365,146
366,371
366,298
366,469
367,496
367,276
367,156
368,107
368,89
368,274
369,299
369,119
369,300
370,207
370,392
370,393
371,335
371,48
371,143
372,11
372,129
372,453
373,171
373,353
373,232
374,220
374,278
374,336
375,97
375,418
375,270
376,199
376,84
376,3
377,403
377,107
377,239
378,116
378,38
378,113
379,349
379,181
379,55
380,407
380,48
380,165
381,315
381,114
381,189
382,301
382,67
382,199
383,201
383,190
383,53
384,209
384,323
384,124
385,432
385,57
385,216
386,477
386,446
386,270
387,231
387,54
387,164
388,99
388,269
388,194
389,49
389,214
389,125
390,41
390,84
390,273
391,273
391,356
391,135
392,11
392,276
392,460
393,472
393,27
393,174
394,457
394,25
394,267
395,203
395,424
395,228
396,291
396,62
396,56
397,60
397,46
397,487
398,194
398,126
398,150
399,341
399,268
399,310
400,33
400,50
400,39
401,255
401,421
401,271
402,489
402,158
402,236
403,194
403,155
403,452
404,84
404,10
404,136
405,44
405,130
405,422
406,452
406,238
406,327
407,367
407,37
407,312
408,472
408,142
408,483
409,119
409,123
409,417
410,213
410,439
410,363
411,8
411,155
411,403
412,49
412,240
412,412
413,440
413,60
413,232
414,190
414,444
414,354
415,437
415,1
415,421
416,331
416,495
416,492
417,89
417,218
417,103
418,375
418,206
418,249
419,315
419,288
419,402
420,497
420,360
420,57
421,289
421,487
421,479
422,456
422,379
422,113
423,252
423,224
423,41
424,17
424,25
424,255
425,354
425,394
425,474
426,457
426,227
426,33
427,366
427,241
427,459
428,222
428,208
428,408
429,329
429,253
429,451
430,493
430,44
430,72
431,155
431,323
431,81
432,319
432,295
432,212
433,72
433,153
433,40
434,139
434,269
434,437
435,129
435,389
435,98
436,343
436,349
436,286
437,308
437,117
437,76
438,281
438,326
438,143
439,101
439,423
439,139
440,496
440,341
440,26
441,401
441,313
441,57
442,21
442,120
442,407
443,149
443,215
443,470
444,249
444,94
444,349
445,293
445,200
445,291
446,55
446,294
446,487
447,421
447,313
447,222
448,347
448,414
448,432
449,231
449,320
449,14
450,455
450,297
450,385
451,367
451,127
451,172
452,477
452,454
452,314
453,430
453,118
453,404
454,200
454,169
454,285
455,56
455,118
455,78
456,400
456,134
456,468
457,66
457,276
457,366
458,130
458,98
458,51
459,436
459,371
459,268
460,105
460,50
460,61
461,44
461,55
461,15
462,296
462,141
462,1
463,407
463,372
463,378
464,385
464,392
464,292
465,284
465,375
465,361
466,347
466,241
466,122
467,23
467,367
467,197
468,137
468,344
468,347
469,181
469,495
469,400
470,296
470,485
470,496
471,242
471,12
471,141
472,433
472,253
472,195
473,443
473,454
473,365
474,100
474,276
474,370
475,151
475,487
475,25
476,306
476,361
476,471
477,358
477,178
477,280
478,1
478,179
478,249
479,472
479,396
479,372
480,288
480,219
480,480
481,435
481,164
481,186
482,318
482,221
482,482
483,176
483,215
483,84
484,126
484,315
484,395
485,196
485,45
485,96
486,226
486,154
486,205
487,83
487,244
487,133
488,398
488,157
488,91
489,337
489,8
489,475
490,110
490,257
490,472
491,96
491,198
491,185
492,313
492,184
492,8
493,54
493,64
493,119
494,66
494,108
494,350
495,141
495,320
495,118
496,144
496,112
496,437
497,276
497,200
497,234
498,448
498,414
498,305
499,154
499,498
499,218
500,14
500,238
500,33
501,115
501,44
501,91
502,322
502,441
502,121
503,120
503,316
503,354
504,378
504,94
504,335
505,372
505,250
505,8
506,62
506,106
506,188
507,118
507,35
507,128
508,350
508,24
508,266
509,97
509,75
509,134
510,219
510,224
510,311
511,83
511,270
511,421
512,269
512,251
512,196
513,189
513,284
513,112
514,280
514,20
514,395
515,215
515,278
515,407
516,221
516,259
516,26
517,237
517,73
517,334
518,458
518,421
518,314
519,172
519,490
519,496
520,299
520,332
520,147
521,442
521,402
521,271
522,212
522,360
522,150
523,456
523,326
523,441
524,116
524,482
524,388
525,316
525,198
525,66
526,358
526,288
526,132
527,437
527,150
527,216
528,361
528,306
528,359
529,293
529,63
529,218
530,324
530,402
530,452
531,46
531,480
531,203
532,145
532,423
532,353
533,484
533,297
533,128
534,456
534,309
534,210
535,108
535,484
535,146
536,403
536,89
536,53
537,29
537,184
537,419
538,342
538,214
538,100
539,88
539,321
539,347
540,55
540,158
540,106
541,499
541,251
541,268
542,237
542,197
542,34
543,493
543,459
543,188
544,405
544,162
544,44
545,140
545,336
545,175
546,268
546,343
546,166
547,64
547,484
547,156
548,102
548,188
548,114
549,389
549,65
549,398
550,217
550,36
550,458
551,26
551,273
551,41
552,182
552,202
552,307
553,298
553,123
553,381
554,29
554,436
554,37
555,176
555,407
555,211
556,351
556,408
556,263
557,321
557,194
557,316
558,78
558,169
558,224
559,349
559,299
559,176
560,406
560,325
560,482
561,315
561,64
561,289
562,87
562,370
562,151
563,478
563,370
563,431
564,427
564,302
564,196
565,229
565,83
565,386
566,196
566,153
566,461
567,221
567,409
567,122
568,334
568,115
568,9
569,400
569,490
569,368
570,56
570,466
570,237
571,268
571,150
571,365
572,367
572,189
572,64
573,299
573,189
573,9
574,117
574,425
574,392
575,374
575,58
575,186
576,483
576,187
576,188
577,362
577,254
577,106
578,340
578,321
578,160
579,448
579,492
579,464
580,464
580,72
580,435
581,58
581,350
581,304
582,66
582,253
582,451
583,277
583,265
583,440
584,255
584,424
584,316
585,441
585,252
585,192
586,425
586,146
586,115
587,347
587,457
587,101
588,346
588,366
588,62
589,339
589,223
589,496
590,471
590,261
590,69
591,260
591,302
591,226
592,43
592,235
592,472
593,32
593,137
593,475
594,475
594,383
594,22
595,259
595,478
595,12
596,410
596,397
596,500
597,108
597,446
597,355
598,374
598,372
598,44
599,154
599,348
599,423
600,323
600,386
600,352
601,316
601,453
601,103
602,414
602,454
602,106
603,62
603,156
603,4
604,157
604,377
604,434
605,358
605,369
605,391
606,214
606,426
606,108
607,99
607,291
607,114
608,180
608,61
608,50
609,19
609,246
609,275
610,235
610,497
610,409
611,238
611,156
611,231
612,221
612,179
612,162
613,321
613,316
613,227
614,463
614,155
614,97
615,205
615,387
615,266
616,263
616,244
616,199
617,53
617,83
617,114
618,275
618,320
618,313
619,101
619,497
619,327
620,174
620,271
620,288
621,359
621,134
621,362
622,62
622,456
622,121
623,432
623,314
623,420
624,298
624,214
624,344
625,116
625,381
625,137
626,453
626,38
626,234
627,371
627,160
627,37
628,3
628,16
628,419
629,69
629,336
629,464
630,165
630,285
630,7
631,424
631,12
631,81
632,114
632,490
632,164
633,359
633,413
633,99
634,418
634,69
634,373
635,135
635,11
635,73
636,307
636,384
636,41
637,369
637,90
637,426
638,269
638,352
638,39
639,475
639,235
639,316
640,46
640,348
640,251
641,459
641,179
641,372
642,37
642,32
642,76
643,284
643,461
643,475
644,19
644,282
644,108
645,329
645,39
645,264
646,200
646,109
646,50
647,76
647,461
647,182
648,455
648,456
648,275
649,141
649,246
649,176
650,122
650,379
650,328
651,164
651,155
651,38
652,420
652,383
652,465
653,203
653,288
653,227
654,343
654,94
654,164
655,377
655,63
655,254
656,152
656,449
656,185
657,63
657,466
657,35
658,410
658,279
658,465
659,241
659,378
659,19
660,188
660,239
660,47
661,304
661,299
661,159
662,63
662,366
662,497
663,429
663,99
663,488
664,55
664,419
664,191
665,307
665,29
665,313
666,414
666,351
666,37
667,119
667,449
667,410
668,156
668,29
668,191
669,484
669,26
669,250
670,388
670,384
670,454
671,272
671,477
671,450
672,434
672,102
672,120
673,195
673,346
673,455
674,343
674,264
674,384
675,208
675,115
675,245
676,493
676,406
676,202
677,351
677,416
677,61
678,229
678,313
678,489
679,397
679,275
679,379
680,131
680,489
680,484
681,347
681,431
681,445
682,119
682,327
682,189
683,410
683,486
683,290
684,86
684,85
684,387
685,393
685,10
685,50
686,121
686,198
686,251
687,11
687,193
687,38
688,191
688,119
688,31
689,185
689,483
689,58
690,488
690,237
690,282
691,38
691,99
691,160
692,49
692,231
692,342
693,455
693,475
693,482
694,376
694,104
694,353
695,492
695,342
695,442
696,177
696,126
696,374
697,296
697,490
697,443
698,446
698,433
698,111
699,392
699,54
699,115
700,120
700,181
700,15
701,322
701,116
701,326
702,393
702,94
702,445
703,61
703,332
703,262
704,18
704,378
704,444
705,117
705,24
705,499
706,490
706,177
706,69
707,214
707,123
707,257
708,15
708,292
708,437
709,363
709,385
709,447
710,436
710,5
710,275
711,158
711,191
711,333
712,315
712,210
712,253
713,118
713,201
713,196
714,483
714,462
714,205
715,458
715,296
715,166
716,157
716,295
716,96
717,368
717,480
717,452
718,121
718,275
718,84
719,73
719,388
719,14
720,374
720,343
720,240
721,283
721,110
721,351
722,365
722,56
722,163
723,126
723,203
723,124
724,239
724,480
724,325
725,314
725,449
725,474
726,459
726,237
726,462
727,430
727,187
727,336
728,86
728,67
728,172
729,373
729,39
729,152
730,146
730,86
730,467
731,360
731,62
731,328
732,7
732,96
732,481
733,291
733,44
733,452
734,127
734,465
734,63
735,411
735,398
735,340
736,490
736,353
736,47
737,77
737,253
737,410
738,32
738,475
738,55
739,309
739,485
739,101
740,83
740,392
740,72
741,232
741,213
741,162
742,402
742,496
742,100
743,40
743,416
743,372
744,188
744,62
744,480
745,417
745,119
745,262
746,374
746,478
746,286
747,195
747,189
747,296
748,30
748,369
748,320
749,108
749,337
749,140
750,334
750,251
750,34
751,441
751,469
751,361
752,334
752,116
752,102
753,470
753,7
753,417
754,322
754,76
754,174
755,31
755,419
755,125
756,464
756,250
756,78
757,405
757,462
757,114
758,98
758,274
758,16
759,120
759,194
759,150
760,30
760,272
760,341
761,361
761,76
761,258
762,124
762,69
762,241
763,178
763,22
763,223
764,477
764,471
764,345
765,488
765,144
765,211
766,24
766,157
766,304
767,104
767,369
767,220
768,372
768,107
768,183
769,15
769,474
769,374
770,201
770,439
770,453
771,211
771,131
771,356
772,62
772,211
772,445
773,298
773,141
773,469
774,289
774,141
774,397
775,441
775,265
775,69
776,5
776,49
776,299
777,418
777,468
777,272
778,53
778,409
778,423
779,71
779,78
779,451
780,151
780,439
780,428
781,248
781,254
781,258
782,466
782,11
782,391
783,337
783,470
783,258
784,32
784,262
784,390
785,461
785,54
785,449
786,86
786,331
786,163
787,237
787,280
787,199
788,55
788,190
788,177
789,470
789,18
789,361
790,223
790,74
790,264
791,291
791,346
791,302
792,91
792,126
792,283
793,56
793,335
793,3
794,370
794,295
794,63
795,33
795,274
795,270
796,408
796,449
796,14
797,13
797,406
797,322
798,206
798,9
798,101
799,3
799,298
799,52
800,477
800,226
800,311
801,243
801,292
801,348
802,438
802,360
802,242
803,207
803,91
803,79
804,420
804,213
804,39
805,121
805,455
805,177
806,410
806,438
806,143
807,19
807,192
807,27
808,410
808,272
808,17
809,37
809,234
809,59
810,359
810,116
810,139
811,354
811,221
811,385
812,24
812,460
812,137
813,36
813,58
813,332
814,232
814,57
814,439
815,30
815,140
815,498
816,9
816,218
816,339
817,6
817,120
817,77
818,439
818,377
818,380
819,500
819,377
819,435
820,150
820,467
820,162
821,422
821,10
821,173
822,314
822,351
822,139
823,417
823,460
823,269
824,33
824,230
824,460
825,470
825,187
825,363
826,392
826,264
826,161
827,268
827,15
827,217
828,134
828,128
828,381
829,341
829,143
829,469
830,154
830,41
830,19
831,364
831,318
831,127
832,36
832,102
832,313
833,241
833,173
833,176
834,474
834,484
834,243
835,201
835,272
835,133
836,68
836,98
836,460
837,25
837,287
837,229
838,313
838,164
838,120
839,45
839,434
839,433
840,419
840,78
840,268
841,196
841,368
841,92
842,316
842,472
842,130
843,206
843,20
843,14
844,302
844,361
844,301
845,2
845,55
845,169
846,266
846,387
846,289
847,356
847,403
847,407
848,132
848,407
848,246
849,68
849,78
849,133
850,358
850,447
850,27
851,254
851,234
851,286
852,376
852,140
852,83
853,451
853,340
853,270
854,283
854,2
854,71
855,392
855,483
855,147
856,213
856,299
856,224
857,198
857,41
857,292
858,107
858,382
858,406
859,426
859,364
859,436
860,11
860,49
860,255
861,125
861,346
861,396
862,437
862,62
862,157
863,23
863,114
863,313
864,246
864,176
864,96
865,369
865,437
865,80
866,405
866,142
866,308
867,153
867,20
867,180
868,235
868,68
868,71
869,48
869,418
869,95
870,22
870,337
870,120
871,228
871,142
871,394
872,98
872,346
872,408
873,431
873,220
873,267
874,254
874,348
874,314
875,269
875,340
875,186
876,81
876,261
876,339
877,59
877,406
877,341
878,25
878,384
878,293
879,437
879,383
879,270
880,421
880,169
880,312
881,97
881,415
881,73
882,27
882,251
882,85
883,442
883,371
883,223
884,231
884,137
884,345
885,149
885,68
885,353
886,225
886,460
886,46
887,145
887,296
887,334
888,53
888,227
888,229
889,337
889,327
889,44
890,205
890,388
890,409
891,102
891,261
891,366
892,445
892,104
892,441
893,104
893,493
893,309
894,339
894,186
894,305
895,361
895,369
895,354
896,338
896,293
896,499
897,121
897,454
897,343
898,184
898,486
898,217
899,451
899,228
899,253
900,286
900,109
900,331
901,402
901,278
901,139
902,282
902,415
902,398
903,5
903,11
903,469
904,122
904,135
904,324
905,206
905,419
905,255
906,171
906,34
906,37
907,294
907,352
907,5
908,41
908,269
908,486
909,403
909,480
909,307
910,265
910,117
910,29
911,426
911,181
911,466
912,164
912,254
912,46
913,190
913,102
913,255
914,61
914,195
914,299
915,262
915,28
915,38
916,152
916,465
916,368
917,384
917,279
917,276
918,103
918,433
918,97
919,32
919,417
919,271
920,456
920,71
920,126
921,323
921,219
921,169
922,191
922,18
922,335
923,167
923,375
923,123
924,117
924,32
924,333
925,210
925,1
925,271
926,121
926,343
926,476
927,485
927,81
927,401
928,286
928,480
928,396
929,186
929,280
929,330
930,144
930,30
930,453
931,384
931,487
931,423
932,187
932,391
932,482
933,385
933,101
933,40
934,121
934,250
934,82
935,40
935,430
935,482
936,206
936,286
936,469
937,188
937,175
937,352
938,251
938,14
938,443
939,118
939,110
939,134
940,362
940,202
940,338
941,303
941,290
941,496
942,247
942,408
942,34
943,385
943,214
943,479
944,171
944,161
944,316
945,347
945,340
945,76
946,397
946,431
946,207
947,262
947,4
947,337
948,38
948,106
948,158
949,356
949,419
949,172
950,319
950,380
950,138
951,46
951,409
951,73
952,169
952,69
952,96
953,340
953,272
953,215
954,380
954,196
954,210
955,397
955,216
955,131
956,475
956,200
956,97
957,283
957,306
957,9
958,249
958,68
958,276
959,421
959,225
959,286
960,339
960,374
960,386
961,87
961,303
961,215
962,247
962,434
962,132
963,142
963,324
963,481
964,153
964,81
964,15
965,357
965,490
965,351
966,152
966,384
966,374
967,247
967,87
967,123
968,352
968,81
968,35
969,312
969,265
969,75
970,467
970,444
970,115
971,363
971,332
971,325
972,264
972,453
972,195
973,183
973,454
973,373
974,209
974,416
974,295
975,160
975,455
975,168
976,299
976,130
976,141
977,212
977,12
977,463
978,137
978,24
978,354
979,131
979,227
979,243
980,486
980,75
980,25
981,398
981,79
981,109
982,241
982,351
982,258
983,156
983,243
983,61
984,482
984,441
984,161
985,287
985,291
985,10
986,355
986,181
986,276
987,338
987,315
987,132
988,391
988,463
988,75
989,216
989,265
989,119
990,72
990,496
990,207
991,300
991,488
991,7
992,213
992,199
992,248
993,252
993,44
993,270
994,13
994,336
994,57
995,59
995,201
995,437
996,300
996,233
996,454
997,136
997,118
997,59
998,285
998,408
998,230
999,161
999,57
999,308
1000,29
1000,41
1000,114
1001,17
1001,494
1001,118
1002,83
1002,382
1002,1
1003,42
1003,48
1003,485
1004,370
1004,146
1004,8
1005,154
1005,385
1005,346
1006,428
1006,404
1006,328
1007,54
1007,53
1007,160
1008,356
1008,290
1008,41
1009,263
1009,305
1009,422
1010,374
1010,114
1010,499
1011,49
1011,366
1011,206
1012,384
1012,34
1012,165
1013,259
1013,76
1013,406
1014,97
1014,163
1014,81
1015,213
1015,443
1015,62
1016,27
1016,439
1016,161
1017,8
1017,250
1017,190
1018,417
1018,471
1018,440
1019,369
1019,141
1019,483
1020,233
1020,405
1020,353
1021,28
1021,230
1021,345
1022,257
1022,249
1022,296
1023,311
1023,492
1023,475
1024,494
1024,361
1024,8
1025,170
1025,401
1025,396
1026,116
1026,135
1026,445
1027,199
1027,264
1027,121
1028,306
1028,420
1028,151
1029,251
1029,414
1029,320
1030,329
1030,98
1030,96
1031,5
1031,268
1031,149
1032,321
1032,129
1032,198
1033,252
1033,459
1033,114
1034,436
1034,225
1034,373
1035,84
1035,103
1035,392
1036,482
1036,167
1036,49
1037,156
1037,215
1037,111
1038,210
1038,186
1038,423
1039,62
1039,119
1039,310
1040,388
1040,131
1040,358
1041,7
1041,355
1041,359
1042,433
1042,97
1042,173
1043,78
1043,472
1043,278
1044,410
1044,261
1044,224
1045,111
1045,13
1045,170
1046,326
1046,20
1046,405
1047,331
1047,307
1047,68
1048,94
1048,363
1048,223
1049,355
1049,422
1049,234
1050,106
1050,49
1050,349
1051,411
1051,320
1051,274
1052,176
1052,447
1052,323
1053,133
1053,229
1053,310
1054,457
1054,74
1054,439
1055,17
1055,11
1055,20
1056,172
1056,473
1056,165
1057,167
1057,133
1057,58
1058,193
1058,464
1058,71
1059,399
1059,21
1059,49
1060,197
1060,392
1060,88
1061,338
1061,134
1061,168
1062,273
1062,409
1062,197
1063,158
1063,363
1063,433
1064,144
1064,34
1064,202
1065,471
1065,38
1065,161
1066,199
1066,276
1066,9
1067,282
1067,410
1067,471
1068,22
1068,437
1068,239
1069,144
1069,338
1069,55
1070,493
1070,456
1070,443
1071,356
1071,210
1071,133
1072,58
1072,208
1072,276
1073,500
1073,78
1073,490
1074,277
1074,34
1074,356
1075,122
1075,407
1075,166
1076,387
1076,231
1076,94
1077,397
1077,35
1077,63
1078,106
1078,409
1078,193
1079,272
1079,412
1079,371
1080,196
1080,52
1080,273
1081,487
1081,74
1081,349
1082,361
1082,237
1082,12
1083,139
1083,146
1083,383
1084,42
1084,337
1084,472
1085,453
1085,481
1085,83
1086,412
1086,72
1086,1
1087,410
1087,418
1087,221
1088,475
1088,362
1088,287
1089,101
1089,123
1089,137
1090,487
1090,90
1090,397
1091,213
1091,217
1091,359
1092,56
1092,205
1092,270
1093,149
1093,392
1093,363
1094,472
1094,135
1094,209
1095,99
1095,220
1095,403
1096,228
1096,106
1096,92
1097,332
1097,296
1097,359
1098,232
1098,61
1098,410
1099,388
1099,199
1099,249
1100,459
1100,239
1100,254
1101,130
1101,62
1101,247
1102,452
1102,379
1102,376
1103,419
1103,247
1103,424
1104,325
1104,50
1104,183
1105,330
1105,464
1105,392
1106,380
1106,124
1106,456
1107,87
1107,68
1107,254
1108,92
1108,229
1108,380
1109,20
1109,19
1109,253
1110,244
1110,383
1110,435
1111,125
1111,11
1111,71
1112,409
1112,15
1112,165
1113,131
1113,496
1113,285
1114,180
1114,274
1114,413
1115,421
1115,157
1115,365
1116,57
1116,277
1116,1
1117,411
1117,460
1117,201
1118,350
1118,171
1118,424
1119,80
1119,488
1119,391
1120,20
1120,247
1120,459
1121,159
1121,157
1121,420
1122,24
1122,110
1122,454
1123,465
1123,293
1123,51
1124,34
1124,373
1124,25
1125,51
1125,201
1125,399
1126,173
1126,56
1126,431
1127,277
1127,476
1127,466
1128,339
1128,26
1128,488
1129,284
1129,71
1129,266
1130,7
1130,65
1130,208
1131,69
1131,100
1131,193
1132,466
1132,132
1132,340
1133,445
1133,227
1133,26
1134,17
1134,292
1134,266
1135,329
1135,24
1135,61
1136,219
1136,203
1136,459
1137,466
1137,388
1137,477
1138,47
1138,293
1138,230
1139,492
1139,457
1139,220
1140,195
1140,218
1140,44
1141,453
1141,83
1141,84
1142,194
1142,180
1142,299
1143,161
1143,288
1143,479
1144,433
1144,168
1144,6
1145,159
1145,213
1145,347
1146,309
1146,112
1146,372
1147,174
1147,121
1147,239
1148,277
1148,245
1148,315
1149,48
1149,97
1149,492
1150,190
1150,275
1150,267
1151,181
1151,235
1151,321
1152,210
1152,118
1152,104
1153,77
1153,218
1153,491
1154,320
1154,408
1154,116
1155,365
1155,223
1155,311
1156,78
1156,265
1156,432
1157,308
1157,16
1157,398
1158,342
1158,217
1158,107
1159,464
1159,278
1159,385
1160,390
1160,183
1160,444
1161,329
1161,438
1161,151
1162,69
1162,393
1162,78
1163,283
1163,187
1163,253
1164,399
1164,357
1164,164
1165,360
1165,114
1165,399
1166,453
1166,487
1166,175
1167,218
1167,187
1167,84
1168,298
1168,217
1168,208
1169,160
1169,190
1169,369
1170,30
1170,226
1170,307
1171,312
1171,89
1171,192
1172,214
1172,118
1172,176
1173,167
1173,133
1173,255
1174,391
1174,472
1174,220
1175,271
1175,145
1175,294
1176,203
1176,92
1176,136
1177,423
1177,276
1177,163
1178,89
1178,351
1178,196
1179,412
1179,77
1179,321
1180,418
1180,476
1180,305
1181,337
1181,175
1181,318
1182,204
1182,378
1182,190
1183,290
1183,387
1183,14
1184,18
1184,392
1184,16
1185,218
1185,79
1185,345
1186,328
1186,151
1186,359
1187,145
1187,452
1187,497
1188,55
1188,413
1188,374
1189,351
1189,152
1189,21
1190,192
1190,296
1190,207
1191,382
1191,44
1191,431
1192,36
1192,490
1192,399
1193,306
1193,272
1193,240
1194,172
1194,26
1194,129
1195,94
1195,4
1195,395
1196,342
1196,324
1196,182
1197,458
1197,380
1197,91
1198,129
1198,23
1198,373
1199,402
1199,361
1199,122
1200,27
1200,64
1200,192
1201,36
1201,468
1201,10
1202,362
1202,18
1202,292
1203,286
1203,354
1203,73
1204,212
1204,431
1204,480
1205,330
1205,326
1205,369
1206,42
1206,138
1206,464
1207,265
1207,447
1207,334
1208,67
1208,334
1208,153
1209,3
1209,46
1209,233
1210,295
1210,222
1210,189
1211,398
1211,17
1211,185
1212,178
1212,313
1212,276
1213,203
1213,365
1213,212
1214,411
1214,251
1214,330
1215,474
1215,304
1215,265
1216,285
1216,380
1216,51
1217,242
1217,482
1217,224
1218,9
1218,232
1218,19
1219,236
1219,134
1219,52
1220,211
1220,299
1220,63
1221,372
1221,330
1221,135
1222,421
1222,380
1222,393
1223,198
1223,322
1223,44
1224,71
1224,212
1224,192
1225,310
1225,58
1225,184
1226,106
1226,389
1226,386
1227,159
1227,328
1227,258
1228,161
1228,173
1228,415
1229,113
1229,269
1229,316
1230,151
1230,406
1230,206
1231,159
1231,307
1231,448
1232,362
1232,209
1232,39
1233,109
1233,488
1233,419
1234,491
1234,466
1234,336
1235,64
1235,131
1235,29
1236,164
1236,297
1236,73
1237,306
1237,162
1237,13
1238,85
1238,89
1238,33
1239,426
1239,342
1239,218
1240,443
1240,128
1240,50
1241,385
1241,106
1241,175
1242,477
1242,200
1242,28
1243,125
1243,157
1243,16
1244,272
1244,222
1244,6
1245,365
1245,418
1245,446
1246,198
1246,221
1246,97
1247,294
1247,436
1247,230
1248,476
1248,324
1248,448
1249,50
1249,424
1249,20
1250,115
1250,78
1250,389
1251,422
1251,141
1251,160
1252,346
1252,388
1252,410
1253,152
1253,203
1253,48
1254,305
1254,436
1254,457
1255,315
1255,435
1255,113
1256,244
1256,448
1256,314
1257,490
1257,34
1257,49
1258,290
1258,215
1258,52
1259,463
1259,196
1259,294
1260,209
1260,214
1260,148
1261,77
1261,126
1261,356
1262,229
1262,416
1262,66
1263,312
1263,347
1263,131
1264,215
1264,58
1264,4
1265,200
1265,84
1265,431
1266,455
1266,85
1266,172
1267,364
1267,69
1267,327
1268,37
1268,118
1268,400
1269,120
1269,396
1269,143
1270,149
1270,314
1270,280
1271,300
1271,110
1271,407
1272,313
1272,484
1272,128
1273,97
1273,211
1273,296
1274,108
1274,135
1274,218
1275,395
1275,371
1275,462
1276,296
1276,66
1276,375
1277,433
1277,153
1277,102
1278,9
1278,284
1278,365
1279,425
1279,89
1279,50
1280,409
1280,480
1280,86
1281,8
1281,121
1281,20
1282,6
1282,192
1282,57
1283,298
1283,7
1283,84
1284,194
1284,192
1284,220
1285,430
1285,67
1285,476
1286,408
1286,235
1286,20
1287,121
1287,397
1287,60
1288,155
1288,109
1288,121
1289,404
1289,122
1289,169
1290,399
1290,343
1290,34
1291,321
1291,358
1291,72
1292,390
1292,56
1292,5
1293,388
1293,406
1293,163
1294,76
1294,385
1294,453
1295,128
1295,330
1295,153
1296,320
1296,111
1296,73
1297,4
1297,377
1297,368
1298,354
1298,87
1298,271
1299,53
1299,85
1299,16
1300,432
1300,288
1300,339
1301,486
1301,138
1301,190
1302,494
1302,137
1302,331
1303,436
1303,175
1303,6
1304,143
1304,371
1304,44
1305,390
1305,302
1305,401
1306,399
1306,160
1306,207
1307,490
1307,215
1307,164
1308,133
1308,426
1308,296
1309,251
1309,397
1309,390
1310,379
1310,334
1310,441
1311,244
1311,296
1311,230
1312,481
1312,191
1312,376
1313,394
1313,77
1313,370
1314,24
1314,328
1314,144
1315,356
1315,457
1315,169
1316,204
1316,435
1316,420
1317,129
1317,306
1317,473
1318,295
1318,135
1318,29
1319,359
1319,465
1319,486
1320,397
1320,318
1320,284
1321,273
1321,455
1321,408
1322,499
1322,428
1322,85
1323,28
1323,262
1323,480
1324,381
1324,97
1324,367
1325,281
1325,240
1325,156
1326,394
1326,116
1326,348
1327,320
1327,399
1327,477
1328,54
1328,194
1328,497
1329,129
1329,19
1329,139
1330,359
1330,383
1330,9
1331,374
1331,372
1331,40
1332,458
1332,203
1332,380
1333,27
1333,445
1333,152
1334,463
1334,493
1334,339
1335,26
1335,414
1335,228
1336,403
1336,419
1336,397
1337,173
1337,146
1337,122
1338,252
1338,169
1338,208
1339,455
1339,472
1339,155
1340,432
1340,340
1340,125
1341,448
1341,309
1341,301
1342,281
1342,87
1342,257
1343,156
1343,204
1343,479
1344,121
1344,435
1344,477
1345,17
1345,451
1345,52
1346,461
1346,91
1346,217
1347,166
1347,359
1347,32
1348,241
1348,222
1348,200
1349,21
1349,332
1349,454
1350,250
1350,299
1350,241
1351,385
1351,9
1351,330
1352,194
1352,84
1352,264
1353,247
1353,254
1353,141
1354,337
1354,353
1354,367
1355,415
1355,118
1355,342
1356,324
1356,283
1356,67
1357,441
1357,272
1357,54
1358,395
1358,128
1358,7
1359,23
1359,207
1359,30
1360,382
1360,455
1360,368
1361,251
1361,35
1361,382
1362,251
1362,66
1362,267
1363,189
1363,351
1363,418
1364,200
1364,233
1364,138
1365,286
1365,196
1365,11
1366,358
1366,428
1366,152
1367,442
1367,173
1367,17
1368,245
1368,172
1368,120
1369,124
1369,202
1369,333
1370,326
1370,402
1370,315
1371,182
1371,355
1371,58
1372,345
1372,467
1372,147
1373,343
1373,417
1373,301
1374,453
1374,233
1374,217
1375,39
1375,342
1375,146
1376,280
1376,244
1376,474
1377,268
1377,494
1377,488
1378,372
1378,467
1378,131
1379,289
1379,339
1379,244
1380,145
1380,16
1380,238
1381,41
1381,371
1381,366
1382,173
1382,489
1382,277
1383,167
1383,391
1383,106
1384,247
1384,44
1384,188
1385,450
1385,139
1385,206
1386,367
1386,433
1386,298
1387,12
1387,405
1387,242
1388,204
1388,170
1388,284
1389,269
1389,370
1389,245
1390,91
1390,48
1390,494
1391,110
1391,282
1391,215
1392,406
1392,175
1392,337
1393,411
1393,58
1393,115
1394,82
1394,383
1394,236
1395,461
1395,388
1395,69
1396,17
1396,29
1396,140
1397,107
1397,418
1397,389
1398,280
1398,188
1398,311
1399,268
1399,114
1399,208
1400,97
1400,267
1400,251
1401,13
1401,251
1401,166
1402,299
1402,445
1402,147
1403,401
1403,326
1403,296
1404,378
1404,274
1404,29
1405,280
1405,411
1405,257
1406,249
1406,275
1406,14
1407,314
1407,256
1407,479
1408,471
1408,455
1408,35
1409,482
1409,153
1409,393
1410,323
1410,31
1410,296
1411,380
1411,7
1411,6
1412,190
1412,70
1412,149
1413,456
1413,349
1413,130
1414,78
1414,269
1414,371
1415,43
1415,389
1415,91
1416,336
1416,281
1416,9
1417,486
1417,159
1417,228
1418,118
1418,351
1418,63
1419,411
1419,377
1419,478
1420,357
1420,153
1420,256
1421,169
1421,226
1421,319
1422,46
1422,469
1422,335
1423,231
1423,500
1423,444
1424,488
1424,318
1424,2
1425,44
1425,179
1425,124
1426,294
1426,454
1426,119
1427,116
1427,309
1427,180
1428,284
1428,471
1428,173
1429,186
1429,230
1429,446
1430,334
1430,392
1430,150
1431,61
1431,377
1431,91
1432,250
1432,216
1432,379
1433,201
1433,320
1433,405
1434,108
1434,481
1434,133
1435,20
1435,82
1435,317
1436,473
1436,96
1436,19
1437,11
1437,464
1437,316
1438,161
1438,350
1438,413
1439,238
1439,366
1439,33
1440,191
1440,348
1440,193
1441,58
1441,56
1441,261
1442,345
1442,6
1442,152
1443,446
1443,426
1443,230
1444,322
1444,280
1444,209
1445,403
1445,72
1445,262
1446,222
1446,363
1446,242
1447,4
1447,433
1447,282
1448,341
1448,353
1448,200
1449,54
1449,206
1449,258
1450,398
1450,345
1450,89
1451,384
1451,18
1451,430
1452,257
1452,358
1452,389
1453,34
1453,66
1453,475
1454,286
1454,119
1454,106
1455,28
1455,133
1455,236
1456,257
1456,220
1456,105
1457,220
1457,41
1457,421
1458,113
1458,209
1458,463
1459,453
1459,249
1459,326
1460,99
1460,374
1460,165
1461,456
1461,276
1461,489
1462,396
1462,410
1462,394
1463,395
1463,407
1463,122
1464,119
1464,187
1464,182
1465,418
1465,252
1465,389
1466,198
1466,368
1466,218
1467,87
1467,482
1467,337
1468,123
1468,405
1468,299
1469,41
1469,206
1469,258
1470,93
1470,297
1470,454
1471,404
1471,241
1471,439
1472,253
1472,331
1472,446
1473,217
1473,144
1473,256
1474,231
1474,465
1474,254
1475,453
1475,384
1475,131
1476,331
1476,330
1476,347
1477,3
1477,205
1477,134
1478,37
1478,80
1478,162
1479,110
1479,11
1479,136
1480,33
1480,190
1480,327
1481,161
1481,14
1481,163
1482,329
1482,243
1482,208
1483,431
1483,269
1483,128
1484,489
1484,94
1484,77
1485,67
1485,98
1485,146
1486,9
1486,306
1486,389
1487,122
1487,151
1487,161
1488,277
1488,340
1488,348
1489,276
1489,461
1489,390
1490,326
1490,152
1490,68
1491,393
1491,55
1491,141
1492,366
1492,455
1492,254
1493,360
1493,439
1493,291
1494,223
1494,139
1494,191
1495,406
1495,378
1495,413
1496,379
1496,69
1496,17
1497,12
1497,268
1497,49
1498,337
1498,205
1498,481
1499,464
1499,131
1499,149
1500,388
1500,97
1500,297
1501,455
1501,399
1501,77
1502,329
1502,2
1502,368
1503,12
1503,172
1503,7
1504,360
1504,260
1504,361
1505,112
1505,429
1505,205
1506,337
1506,370
1506,78
1507,313
1507,472
1507,468
1508,14
1508,366
1508,445
1509,374
1509,402
1509,421
1510,137
1510,120
1510,63
1511,189
1511,425
1511,182
1512,35
1512,180
1512,375
1513,489
1513,223
1513,412
1514,268
1514,32
1514,404
1515,187
1515,327
1515,374
1516,361
1516,232
1516,144
1517,35
1517,117
1517,350
1518,118
1518,279
1518,241
1519,196
1519,375
1519,235
1520,226
1520,84
1520,35
1521,262
1521,55
1521,220
1522,236
1522,251
1522,432
1523,133
1523,422
1523,320
1524,155
1524,237
1524,8
1525,450
1525,96
1525,466
1526,240
1526,95
1526,452
1527,167
1527,63
1527,482
1528,180
1528,471
1528,120
1529,358
1529,15
1529,325
1530,197
1530,369
1530,145
1531,434
1531,138
1531,225
1532,183
1532,147
1532,359
1533,273
1533,104
1533,492
1534,154
1534,232
1534,422
1535,31
1535,212
1535,93
1536,33
1536,113
1536,410
1537,170
1537,474
1537,152
1538,184
1538,35
1538,241
1539,161
1539,196
1539,279
1540,433
1540,372
1540,240
1541,405
1541,409
1541,230
1542,396
1542,45
1542,151
1543,451
1543,163
1543,281
1544,300
1544,65
1544,323
1545,439
1545,33
1545,299
1546,37
1546,252
1546,262
1547,379
1547,427
1547,136
1548,220
1548,133
1548,9
1549,68
1549,188
1549,448
1550,448
1550,409
1550,352
1551,54
1551,207
1551,119
1552,478
1552,111
1552,34
1553,411
1553,424
1553,110
1554,336
1554,443
1554,374
1555,174
1555,385
1555,133
1556,500
1556,353
1556,318
1557,433
1557,23
1557,321
1558,426
1558,269
1558,396
1559,333
1559,104
1559,429
1560,243
1560,52
1560,123
1561,137
1561,123
1561,167
1562,424
1562,64
1562,349
1563,112
1563,218
1563,356
1564,47
1564,179
1564,309
1565,192
1565,72
1565,430
1566,398
1566,241
1566,490
1567,302
1567,123
1567,65
1568,61
1568,129
1568,317
1569,402
1569,377
1569,239
1570,279
1570,231
1570,39
1571,390
1571,404
1571,222
1572,407
1572,261
1572,216
1573,426
1573,147
1573,333
1574,428
1574,43
1574,134
1575,460
1575,499
1575,349
1576,86
1576,407
1576,324
1577,120
1577,97
1577,191
1578,168
1578,341
1578,283
1579,157
1579,192
1579,53
1580,494
1580,23
1580,283
1581,384
1581,285
1581,305
1582,89
1582,309
1582,425
1583,13
1583,378
1583,194
1584,75
1584,326
1584,216
1585,22
1585,495
1585,175
1586,304
1586,340
1586,102
1587,78
1587,451
1587,153
1588,367
1588,103
1588,60
1589,133
1589,235
1589,251
1590,198
1590,349
1590,261
1591,473
1591,291
1591,272
1592,246
1592,387
1592,197
1593,192
1593,473
1593,296
1594,92
1594,182
1594,313
1595,276
1595,216
1595,426
1596,438
1596,71
1596,148
1597,160
1597,325
1597,41
1598,161
1598,391
1598,245
1599,64
1599,121
1599,270
1600,352
1600,103
1600,255
1601,326
1601,277
1601,110
1602,318
1602,478
1602,164
1603,95
1603,475
1603,406
1604,308
1604,170
1604,343
1605,372
1605,1
1605,408
1606,289
1606,42
1606,261
1607,370
1607,374
1607,355
1608,444
1608,394
1608,135
1609,160
1609,267
1609,414
1610,465
1610,238
1610,21
1611,210
1611,274
1611,133
1612,368
1612,5
1612,77
1613,34
1613,21
1613,487
1614,16
1614,44
1614,331
1615,286
1615,265
1615,243
1616,164
1616,198
1616,422
1617,111
1617,491
1617,295
1618,130
1618,230
1618,279
1619,482
1619,435
1619,157
1620,355
1620,27
1620,253
1621,255
1621,368
1621,203
1622,83
1622,273
1622,166
1623,135
1623,179
1623,308
1624,46
1624,227
1624,151
1625,11
1625,108
1625,24
1626,489
1626,276
1626,349
1627,197
1627,453
1627,63
1628,491
1628,54
1628,330
1629,155
1629,377
1629,49
1630,428
1630,347
1630,88
1631,260
1631,167
1631,135
1632,135
1632,275
1632,60
1633,457
1633,161
1633,111
1634,26
1634,168
1634,263
1635,421
1635,395
1635,74
1636,350
1636,3
1636,356
1637,465
1637,338
1637,80
1638,36
1638,486
1638,143
1639,286
1639,176
1639,45
1640,170
1640,264
1640,366
1641,52
1641,296
1641,27
1642,370
1642,12
1642,255
1643,435
1643,127
1643,378
1644,340
1644,147
1644,224
1645,20
1645,370
1645,226
1646,7
1646,164
1646,252
1647,82
1647,500
1647,65
1648,333
1648,66
1648,23
1649,277
1649,4
1649,337
1650,83
1650,360
1650,387
1651,342
1651,60
1651,18
1652,410
1652,359
1652,463
1653,321
1653,81
1653,129
1654,20
1654,268
1654,259
1655,499
1655,489
1655,209
1656,24
1656,433
1656,301
1657,23
1657,497
1657,481
1658,328
1658,466
1658,189
1659,133
1659,148
1659,107
1660,313
1660,142
1660,375
1661,479
1661,408
1661,391
1662,38
1662,356
1662,131
1663,305
1663,452
1663,235
1664,496
1664,251
1664,54
1665,121
1665,313
1665,279
1666,458
1666,52
1666,305
1667,209
1667,487
1667,341
1668,386
1668,232
1668,445
1669,488
1669,97
1669,204
1670,301
1670,339
1670,418
1671,121
1671,76
1671,484
1672,369
1672,200
1672,322
1673,115
1673,26
1673,70
1674,450
1674,245
1674,389
1675,377
1675,302
1675,500
1676,459
1676,358
1676,324
1677,107
1677,374
1677,401
1678,248
1678,138
1678,6
1679,246
1679,69
1679,486
1680,420
1680,389
1680,14
1681,433
1681,140
1681,300
1682,193
1682,9
1682,140
1683,57
1683,425
1683,88
1684,293
1684,271
1684,10
1685,204
1685,351
1685,97
1686,355
1686,150
1686,489
1687,483
1687,60
1687,293
1688,62
1688,427
1688,202
1689,45
1689,244
1689,39
1690,387
1690,375
1690,111
1691,124
1691,373
1691,330
1692,139
1692,207
1692,306
1693,397
1693,393
1693,216
1694,427
1694,333
1694,15
1695,58
1695,433
1695,441
1696,10
1696,235
1696,449
1697,235
1697,44
1697,372
1698,213
1698,409
1698,200
1699,218
1699,75
1699,232
1700,339
1700,382
1700,28
1701,462
1701,176
1701,375
1702,336
1702,406
1702,246
1703,309
1703,50
1703,149
1704,39
1704,378
1704,447
1705,293
1705,326
1705,342
1706,15
1706,444
1706,45
1707,262
1707,10
1707,32
1708,79
1708,237
1708,495
1709,3
1709,398
1709,247
1710,127
1710,377
1710,26
1711,317
1711,377
1711,209
1712,345
1712,450
1712,108
1713,318
1713,492
1713,21
1714,327
1714,337
1714,411
1715,479
1715,46
1715,427
1716,134
1716,220
1716,167
1717,196
1717,150
1717,124
1718,355
1718,358
1718,7
1719,278
1719,471
1719,399
1720,487
1720,133
1720,142
1721,310
1721,385
1721,382
1722,15
1722,118
1722,446
1723,294
1723,74
1723,180
1724,219
1724,400
1724,364
1725,360
1725,200
1725,165
1726,427
1726,263
1726,471
1727,316
1727,409
1727,288
1728,463
1728,116
1728,148
1729,440
1729,124
1729,409
1730,129
1730,268
1730,108
1731,165
1731,36
1731,447
1732,139
1732,56
1732,471
1733,294
1733,479
1733,333
1734,417
1734,318
1734,28
1735,245
1735,488
1735,237
1736,478
1736,206
1736,49
1737,190
1737,343
1737,448
1738,144
1738,21
1738,290
1739,110
1739,323
1739,132
1740,35
1740,125
1740,83
1741,408
1741,418
1741,344
1742,369
1742,223
1742,414
1743,338
1743,169
1743,423
1744,238
1744,21
1744,155
1745,316
1745,35
1745,28
1746,122
1746,281
1746,114
1747,51
1747,298
1747,290
1748,437
1748,253
1748,337
1749,344
1749,326
1749,282
1750,220
1750,341
1750,219
1751,317
1751,360
1751,31
1752,321
1752,227
1752,62
1753,19
1753,320
1753,148
1754,304
1754,290
1754,421
1755,206
1755,148
1755,319
1756,440
1756,305
1756,313
1757,113
1757,242
1757,49
1758,151
1758,362
1758,203
1759,417
1759,211
1759,480
1760,385
1760,229
1760,76
1761,490
1761,162
1761,376
1762,441
1762,196
1762,334
1763,473
1763,399
1763,407
1764,180
1764,307
1764,67
1765,263
1765,179
1765,321
1766,34
1766,406
1766,287
1767,347
1767,67
1767,128
1768,154
1768,152
1768,260
1769,143
1769,334
1769,52
1770,152
1770,91
1770,255
1771,163
1771,83
1771,404
1772,495
1772,217
1772,420
1773,497
1773,452
1773,46
1774,106
1774,128
1774,77
1775,306
1775,430
1775,496
1776,484
1776,148
1776,311
1777,119
1777,264
1777,326
1778,317
1778,35
1778,405
1779,290
1779,448
1779,374
1780,308
1780,408
1780,120
1781,291
1781,94
1781,228
1782,398
1782,475
1782,370
1783,174
1783,413
1783,169
1784,269
1784,125
1784,321
1785,424
1785,91
1785,204
1786,162
1786,199
1786,242
1787,446
1787,7
1787,278
1788,267
1788,195
1788,142
1789,64
1789,449
1789,333
1790,32
1790,307
1790,396
1791,157
1791,140
1791,206
1792,212
1792,247
1792,130
1793,296
1793,452
1793,392
1794,235
1794,207
1794,370
1795,196
1795,251
1795,147
1796,426
1796,226
1796,318
1797,295
1797,478
1797,90
1798,32
1798,152
1798,23
1799,493
1799,197
1799,402
1800,41
1800,165
1800,60
1801,373
1801,419
1801,203
1802,247
1802,371
1802,202
1803,382
1803,310
1803,154
1804,420
1804,426
1804,150
1805,151
1805,478
1805,370
1806,352
1806,220
1806,437
1807,214
1807,25
1807,82
1808,13
1808,74
1808,301
1809,326
1809,88
1809,219
1810,151
1810,366
1810,100
1811,140
1811,419
1811,112
1812,254
1812,155
1812,349
1813,331
1813,14
1813,104
1814,386
1814,278
1814,344
1815,205
1815,94
1815,481
1816,389
1816,195
1816,325
1817,54
1817,232
1817,204
1818,353
1818,475
1818,325
1819,355
1819,86
1819,187
1820,450
1820,379
1820,288
1821,216
1821,390
1821,338
1822,272
1822,160
1822,352
1823,99
1823,390
1823,443
1824,99
1824,329
1824,4
1825,348
1825,154
1825,75
1826,305
1826,357
1826,430
1827,45
1827,89
1827,227
1828,138
1828,441
1828,75
1829,69
1829,198
1829,423
1830,200
1830,402
1830,165
1831,485
1831,223
1831,44
1832,347
1832,262
1832,484
1833,228
1833,69
1833,100
1834,473
1834,490
1834,428
1835,254
1835,271
1835,215
1836,281
1836,37
1836,330
1837,221
1837,379
1837,436
1838,336
1838,99
1838,310
1839,491
1839,280
1839,164
1840,105
1840,232
1840,496
1841,86
1841,105
1841,485
1842,53
1842,380
1842,433
1843,167
1843,372
1843,14
1844,240
1844,97
1844,277
1845,461
1845,68
1845,317
1846,286
1846,171
1846,71
1847,227
1847,189
1847,341
1848,324
1848,129
1848,123
1849,201
1849,462
1849,255
1850,149
1850,292
1850,490
1851,269
1851,406
1851,447
1852,67
1852,341
1852,92
1853,260
1853,51
1853,348
1854,436
1854,114
1854,358
1855,345
1855,106
1855,36
1856,381
1856,310
1856,309
1857,60
1857,52
1857,176
1858,131
1858,394
1858,97
1859,332
1859,117
1859,130
1860,364
1860,408
1860,384
1861,320
1861,116
1861,385
1862,279
1862,326
1862,318
1863,170
1863,176
1863,127
1864,320
1864,248
1864,431
1865,465
1865,478
1865,166
1866,418
1866,83
1866,29
1867,64
1867,289
1867,328
1868,356
1868,479
1868,260
1869,244
1869,355
1869,271
1870,14
1870,425
1870,218
1871,303
1871,448
1871,407
1872,341
1872,391
1872,284
1873,381
1873,255
1873,205
1874,111
1874,494
1874,75
1875,19
1875,474
1875,376
1876,171
1876,464
1876,476
1877,282
1877,59
1877,149
1878,353
1878,302
1878,500
1879,249
1879,47
1879,19
1880,208
1880,169
1880,277
1881,348
1881,472
1881,315
1882,298
1882,109
1882,445
1883,147
1883,471
1883,466
1884,176
1884,191
1884,192
1885,314
1885,277
1885,171
1886,479
1886,223
1886,172
1887,14
1887,119
1887,122
1888,224
1888,221
1888,48
1889,285
1889,12
1889,19
1890,329
1890,328
1890,420
1891,357
1891,163
1891,236
1892,351
1892,362
1892,452
1893,420
1893,340
1893,162
1894,361
1894,124
1894,406
1895,145
1895,118
1895,382
1896,391
1896,433
1896,393
1897,96
1897,464
1897,206
1898,234
1898,327
1898,243
1899,493
1899,492
1899,64
1900,329
1900,314
1900,151
1901,312
1901,489
1901,428
1902,475
1902,122
1902,57
1903,451
1903,210
1903,108
1904,9
1904,170
1904,486
1905,124
1905,194
1905,224
1906,323
1906,392
1906,197
1907,408
1907,419
1907,229
1908,176
1908,366
1908,212
1909,233
1909,340
1909,56
1910,164
1910,167
1910,477
1911,409
1911,125
1911,154
1912,218
1912,226
1912,191
1913,415
1913,419
1913,88
1914,13
1914,165
1914,299
1915,37
1915,483
1915,20
1916,91
1916,188
1916,230
1917,110
1917,246
1917,44
1918,287
1918,229
1918,470
1919,366
1919,88
1919,413
1920,99
1920,183
1920,151
1921,232
1921,193
1921,317
1922,80
1922,219
1922,11
1923,192
1923,391
1923,142
1924,140
1924,450
1924,363
1925,417
1925,44
1925,484
1926,494
1926,135
1926,440
1927,432
1927,491
1927,77
1928,60
1928,161
1928,172
1929,242
1929,37
1929,397
1930,490
1930,106
1930,410
1931,9
1931,472
1931,339
1932,114
1932,167
1932,319
1933,321
1933,389
1933,433
1934,302
1934,432
1934,308
1935,476
1935,213
1935,226
1936,450
1936,401
1936,498
1937,397
1937,469
1937,37
1938,2
1938,405
1938,392
1939,496
1939,406
1939,171
1940,406
1940,202
1940,303
1941,489
1941,272
1941,296
1942,495
1942,309
1942,286
1943,127
1943,236
1943,174
1944,210
1944,231
1944,322
1945,237
1945,171
1945,102
1946,27
1946,249
1946,253
1947,36
1947,37
1947,480
1948,348
1948,27
1948,76
1949,330
1949,153
1949,232
1950,87
1950,401
1950,108
1951,417
1951,103
1951,289
1952,403
1952,428
1952,408
1953,361
1953,70
1953,30
1954,438
1954,441
1954,4
1955,132
1955,45
1955,141
1956,252
1956,91
1956,54
1957,74
1957,56
1957,151
1958,249
1958,346
1958,195
1959,88
1959,227
1959,460
1960,221
1960,162
1960,33
1961,280
1961,249
1961,75
1962,61
1962,238
1962,39
1963,220
1963,432
1963,463
1964,229
1964,326
1964,167
1965,142
1965,255
1965,18
1966,13
1966,81
1966,367
1967,305
1967,24
1967,70
1968,32
1968,267
1968,274
1969,175
1969,367
1969,102
1970,427
1970,122
1970,286
1971,75
1971,177
1971,203
1972,34
1972,69
1972,284
1973,324
1973,209
1973,70
1974,194
1974,200
1974,358
1975,493
1975,440
1975,400
1976,279
1976,52
1976,331
1977,284
1977,104
1977,194
1978,239
1978,260
1978,339
1979,396
1979,397
1979,242
1980,288
1980,28
1980,432
1981,268
1981,81
1981,472
1982,473
1982,43
1982,428
1983,322
1983,392
1983,461
1984,492
1984,443
1984,482
1985,38
1985,110
1985,295
1986,30
1986,231
1986,458
1987,65
1987,298
1987,161
1988,299
1988,337
1988,83
1989,374
1989,432
1989,190
1990,411
1990,467
1990,351
1991,123
1991,142
1991,197
1992,166
1992,95
1992,77
1993,363
1993,244
1993,89
1994,189
1994,273
1994,434
1995,287
1995,461
1995,136
1996,195
1996,375
1996,493
1997,221
1997,300
1997,157
1998,145
1998,440
1998,156
1999,470
1999,172
1999,227
2000,37
2000,132
2000,350
2001,347
2001,476
2001,305
2002,454
2002,195
2002,15
2003,474
2003,381
2003,447
2004,174
2004,104
2004,138
2005,435
2005,196
2005,485
2006,482
2006,281
2006,176
2007,56
2007,20
2007,103
2008,315
2008,245
2008,135
2009,436
2009,282
2009,491
2010,39
2010,500
2010,98
2011,243
2011,241
2011,42
2012,384
2012,417
2012,328
2013,413
2013,273
2013,262
2014,226
2014,181
2014,25
2015,404
2015,495
2015,99
2016,265
2016,476
2016,63
2017,443
2017,293
2017,294
2018,366
2018,370
2018,339
2019,250
2019,485
2019,263
2020,5
2020,176
2020,58
2021,187
2021,127
2021,451
2022,121
2022,493
2022,80
2023,473
2023,433
2023,333
2024,63
2024,226
2024,159
2025,284
2025,127
2025,14
2026,42
2026,159
2026,494
2027,232
2027,54
2027,361
2028,401
2028,146
2028,369
2029,439
2029,386
2029,85
2030,242
2030,194
2030,257
2031,382
2031,451
2031,368
2032,417
2032,116
2032,63
2033,345
2033,330
2033,47
2034,438
2034,177
2034,168
2035,293
2035,113
2035,406
2036,293
2036,461
2036,132
2037,86
2037,308
2037,204
2038,128
2038,241
2038,174
2039,206
2039,452
2039,88
2040,433
2040,338
2040,329
2041,309
2041,444
2041,440
2042,167
2042,133
2042,218
2043,411
2043,401
2043,415
2044,263
2044,450
2044,467
2045,466
2045,126
2045,406
2046,55
2046,187
2046,239
2047,454
2047,466
2047,203
2048,234
2048,265
2048,229
2049,495
2049,86
2049,409
2050,135
2050,290
2050,169
2051,4
2051,380
2051,411
2052,333
2052,297
2052,412
2053,67
2053,250
2053,40
2054,246
2054,216
2054,330
2055,23
2055,214
2055,428
2056,344
2056,426
2056,419
2057,297
2057,109
2057,374
2058,340
2058,213
2058,188
2059,487
2059,414
2059,168
2060,374
2060,132
2060,393
2061,129
2061,56
2061,265
2062,285
2062,204
2062,108
2063,273
2063,341
2063,401
2064,455
2064,413
2064,499
2065,323
2065,219
2065,382
2066,214
2066,231
2066,13
2067,218
2067,478
2067,257
2068,133
2068,358
2068,348
2069,62
2069,250
2069,309
2070,445
2070,100
2070,307
2071,305
2071,257
2071,376
2072,340
2072,56
2072,322
2073,230
2073,237
2073,484
2074,331
2074,224
2074,44
2075,58
2075,276
2075,96
2076,296
2076,67
2076,72
2077,89
2077,86
2077,488
2078,226
2078,49
2078,353
2079,350
2079,463
2079,210
2080,463
2080,193
2080,286
2081,312
2081,414
2081,215
2082,129
2082,211
2082,391
2083,153
2083,424
2083,214
2084,18
2084,302
2084,114
2085,127
2085,80
2085,388
2086,68
2086,158
2086,319
2087,257
2087,300
2087,153
2088,445
2088,342
2088,29
2089,394
2089,158
2089,338
2090,42
2090,464
2090,444
2091,413
2091,294
2091,483
2092,187
2092,264
2092,342
2093,151
2093,236
2093,36
2094,410
2094,223
2094,133
2095,105
2095,345
2095,489
2096,321
2096,256
2096,214
2097,39
2097,472
2097,66
2098,428
2098,29
2098,41
2099,247
2099,26
2099,158
2100,378
2100,219
2100,478
2101,357
2101,326
2101,17
2102,383
2102,467
2102,278
2103,94
2103,197
2103,467
2104,112
2104,304
2104,395
2105,367
2105,65
2105,187
2106,73
2106,186
2106,290
2107,344
2107,197
2107,19
2108,181
2108,17
2108,356
2109,81
2109,229
2109,432
2110,143
2110,408
2110,234
2111,211
2111,214
2111,135
2112,140
2112,480
2112,114
2113,365
2113,16
2113,166
2114,277
2114,484
2114,177
2115,395
2115,290
2115,333
2116,305
2116,133
2116,211
2117,198
2117,449
2117,490
2118,80
2118,334
2118,154
2119,379
2119,366
2119,218
2120,324
2120,321
2120,417
2121,435
2121,452
2121,256
2122,16
2122,37
2122,471
2123,60
2123,80
2123,384
2124,226
2124,295
2124,97
2125,374
2125,416
2125,384
2126,233
2126,268
2126,369
2127,460
2127,54
2127,94
2128,8
2128,103
2128,361
2129,59
2129,291
2129,126
2130,254
2130,271
2130,371
2131,414
2131,231
2131,321
2132,418
2132,163
2132,453
2133,499
2133,12
2133,322
2134,170
2134,131
2134,478
2135,351
2135,445
2135,7
2136,89
2136,307
2136,422
2137,329
2137,151
2137,63
2138,309
2138,89
2138,479
2139,448
2139,106
2139,235
2140,239
2140,91
2140,374
2141,237
2141,275
2141,483
2142,346
2142,193
2142,268
2143,305
2143,239
2143,57
2144,66
2144,3
2144,153
2145,257
2145,187
2145,131
2146,174
2146,400
2146,465
2147,136
2147,414
2147,299
2148,187
2148,201
2148,22
2149,292
2149,95
2149,10
2150,389
2150,125
2150,153
2151,361
2151,414
2151,38
2152,119
2152,79
2152,271
2153,455
2153,12
2153,214
2154,302
2154,6
2154,317
2155,468
2155,361
2155,201
2156,27
2156,286
2156,61
2157,217
2157,264
2157,106
2158,297
2158,279
2158,35
2159,373
2159,353
2159,357
2160,464
2160,367
2160,190
2161,22
2161,65
2161,336
2162,44
2162,481
2162,254
2163,167
2163,19
2163,85
2164,405
2164,426
2164,109
2165,170
2165,253
2165,71
2166,257
2166,466
2166,56
2167,13
2167,42
2167,348
2168,395
2168,104
2168,69
2169,83
2169,127
2169,380
2170,433
2170,437
2170,360
2171,335
2171,478
2171,410
2172,365
2172,450
2172,497
2173,39
2173,317
2173,438
2174,88
2174,421
2174,284
2175,326
2175,313
2175,235
2176,395
2176,157
2176,152
2177,396
2177,299
2177,127
2178,37
2178,435
2178,13
2179,329
2179,285
2179,25
2180,365
2180,4
2180,333
2181,361
2181,47
2181,316
2182,292
2182,199
2182,94
2183,364
2183,448
2183,79
2184,35
2184,176
2184,282
2185,307
2185,121
2185,407
2186,135
2186,287
2186,70
2187,420
2187,193
2187,97
2188,141
2188,375
2188,433
2189,382
2189,264
2189,23
2190,221
2190,95
2190,10
2191,418
2191,39
2191,113
2192,400
2192,269
2192,100
2193,293
2193,387
2193,238
2194,325
2194,113
2194,77
2195,462
2195,204
2195,330
2196,321
2196,211
2196,325
2197,387
2197,125
2197,210
2198,286
2198,112
2198,243
2199,449
2199,341
2199,4
2200,440
2200,2
2200,94
2201,248
2201,295
2201,140
2202,174
2202,151
2202,19
2203,143
2203,341
2203,105
2204,483
2204,387
2204,495
2205,96
2205,215
2205,181
2206,285
2206,341
2206,493
2207,141
2207,336
2207,39
2208,275
2208,294
2208,277
2209,133
2209,290
2209,68
2210,410
2210,257
2210,228
2211,496
2211,14
2211,298
2212,387
2212,325
2212,19
2213,181
2213,231
2213,260
2214,101
2214,130
2214,69
2215,311
2215,81
2215,130
2216,39
2216,48
2216,229
2217,443
2217,368
2217,466
2218,176
2218,63
2218,235
2219,448
2219,147
2219,237
2220,492
2220,304
2220,394
2221,242
2221,300
2221,447
2222,426
2222,59
2222,91
2223,307
2223,461
2223,387
2224,51
2224,12
2224,102
2225,20
2225,95
2225,2
2226,443
2226,165
2226,14
2227,229
2227,422
2227,357
2228,247
2228,114
2228,260
2229,1
2229,168
2229,95
2230,432
2230,28
2230,472
2231,314
2231,232
2231,432
2232,173
2232,50
2232,227
2233,68
2233,102
2233,231
2234,324
2234,249
2234,79
2235,261
2235,95
2235,19
2236,419
2236,306
2236,500
2237,460
2237,328
2237,230
2238,345
2238,306
2238,276
2239,140
2239,491
2239,368
2240,159
2240,81
2240,487
2241,188
2241,243
2241,130
2242,297
2242,5
2242,161
2243,177
2243,256
2243,2
2244,13
2244,324
2244,468
2245,178
2245,450
2245,440
2246,449
2246,309
2246,285
2247,209
2247,469
2247,166
2248,119
2248,307
2248,79
2249,45
2249,51
2249,350
2250,106
2250,273
2250,367
2251,141
2251,154
2251,66
2252,220
2252,275
2252,295
2253,225
2253,257
2253,48
2254,125
2254,238
2254,382
2255,166
2255,471
2255,109
2256,400
2256,232
2256,334
2257,121
2257,218
2257,330
2258,413
2258,161
2258,486
2259,221
2259,379
2259,119
2260,420
2260,1
2260,189
2261,154
2261,452
2261,419
2262,489
2262,40
2262,340
2263,195
2263,160
2263,142
2264,186
2264,74
2264,116
2265,252
2265,457
2265,46
2266,137
2266,162
2266,120
2267,378
2267,106
2267,373
2268,382
2268,128
2268,437
2269,93
2269,229
2269,246
2270,343
2270,268
2270,125
2271,66
2271,84
2271,118
2272,55
2272,478
2272,49
2273,70
2273,455
2273,14
2274,394
2274,73
2274,243
2275,474
2275,193
2275,467
2276,352
2276,260
2276,36
2277,316
2277,297
2277,480
2278,412
2278,33
2278,317
2279,355
2279,122
2279,285
2280,164
2280,125
2280,242
2281,266
2281,298
2281,261
2282,67
2282,374
2282,458
2283,171
2283,92
2283,313
2284,51
2284,244
2284,466
2285,495
2285,37
2285,283
2286,324
2286,188
2286,275
2287,75
2287,173
2287,271
2288,132
2288,109
2288,172
2289,146
2289,8
2289,62
2290,166
2290,29
2290,478
2291,323
2291,397
2291,263
2292,410
2292,405
2292,51
2293,276
2293,444
2293,454
2294,224
2294,231
2294,247
2295,148
2295,46
2295,139
2296,146
2296,155
2296,218
2297,160
2297,466
2297,176
2298,19
2298,125
2298,49
2299,365
2299,302
2299,451
2300,106
2300,447
2300,68
2301,177
2301,333
2301,99
2302,22
2302,307
2302,461
2303,272
2303,479
2303,494
2304,373
2304,87
2304,433
2305,151
2305,61
2305,350
2306,247
2306,216
2306,218
2307,235
2307,36
2307,271
2308,156
2308,400
2308,254
2309,279
2309,32
2309,461
2310,460
2310,298
2310,2
2311,310
2311,49
2311,292
2312,98
2312,461
2312,493
2313,300
2313,303
2313,32
2314,351
2314,106
2314,495
2315,379
2315,164
2315,287
2316,268
2316,434
2316,282
2317,467
2317,455
2317,412
2318,225
2318,409
2318,417
2319,415
2319,291
2319,366
2320,414
2320,352
2320,168
2321,361
2321,209
2321,305
2322,170
2322,480
2322,200
2323,279
2323,414
2323,223
2324,215
2324,48
2324,267
2325,118
2325,302
2325,90
2326,155
2326,103
2326,83
2327,42
2327,282
2327,497
2328,74
2328,370
2328,215
2329,436
2329,66
2329,111
2330,96
2330,328
2330,370
2331,126
2331,409
2331,43
2332,272
2332,223
2332,497
2333,229
2333,435
2333,115
2334,404
2334,494
2334,128
2335,434
2335,140
2335,341
2336,270
2336,274
2336,30
2337,335
2337,209
2337,301
2338,353
2338,333
2338,93
2339,263
2339,309
2339,195
2340,393
2340,59
2340,246
2341,113
2341,491
2341,338
2342,36
2342,83
2342,275
2343,53
2343,489
2343,352
2344,290
2344,240
2344,274
2345,284
2345,461
2345,325
2346,379
2346,423
2346,61
2347,318
2347,284
2347,157
2348,47
2348,219
2348,427
2349,305
2349,446
2349,271
2350,471
2350,51
2350,282
2351,388
2351,204
2351,34
2352,147
2352,463
2352,486
2353,480
2353,292
2353,311
2354,241
2354,117
2354,124
2355,394
2355,237
2355,327
2356,238
2356,112
2356,414
2357,453
2357,441
2357,350
2358,13
2358,263
2358,412
2359,332
2359,186
2359,299
2360,429
2360,71
2360,299
2361,223
2361,286
2361,178
2362,196
2362,195
2362,265
2363,195
2363,340
2363,400
2364,306
2364,463
2364,488
2365,148
2365,372
2365,349
2366,184
2366,136
2366,306
2367,332
2367,73
2367,487
2368,73
2368,23
2368,188
2369,346
2369,5
2369,63
2370,416
2370,194
2370,486
2371,90
2371,457
2371,476
2372,321
2372,254
2372,79
2373,469
2373,237
2373,478
2374,76
2374,372
2374,122
2375,92
2375,490
2375,26
2376,267
2376,499
2376,489
2377,361
2377,208
2377,287
2378,84
2378,227
2378,370
2379,300
2379,392
2379,103
2380,37
2380,461
2380,348
2381,157
2381,177
2381,419
2382,37
2382,340
2382,467
2383,46
2383,404
2383,366
2384,170
2384,97
2384,48
2385,24
2385,345
2385,369
2386,383
2386,187
2386,42
2387,245
2387,252
2387,35
2388,234
2388,172
2388,30
2389,234
2389,92
2389,144
2390,37
2390,312
2390,118
2391,328
2391,87
2391,387
2392,208
2392,103
2392,69
2393,305
2393,121
2393,127
2394,69
2394,255
2394,389
2395,296
2395,473
2395,11
2396,183
2396,131
2396,192
2397,193
2397,164
2397,415
2398,289
2398,325
2398,412
2399,456
2399,458
2399,57
2400,331
2400,218
2400,408
2401,349
2401,192
2401,342
2402,43
2402,350
2402,147
2403,126
2403,286
2403,481
2404,169
2404,312
2404,287
2405,177
2405,291
2405,172
2406,77
2406,444
2406,388
2407,500
2407,222
2407,309
2408,211
2408,181
2408,91
2409,59
2409,168
2409,224
2410,463
2410,367
2410,494
2411,473
2411,173
2411,401
2412,457
2412,64
2412,467
2413,173
2413,50
2413,239
2414,383
2414,483
2414,132
2415,355
2415,154
2415,76
2416,384
2416,243
2416,387
2417,432
2417,398
2417,54
2418,150
2418,323
2418,105
2419,74
2419,230
2419,339
2420,486
2420,430
2420,457
2421,123
2421,56
2421,183
2422,220
2422,215
2422,258
2423,117
2423,313
2423,211
2424,417
2424,396
2424,458
2425,412
2425,204
2425,438
2426,184
2426,109
2426,254
2427,418
2427,234
2427,279
2428,475
2428,317
2428,85
2429,177
2429,316
2429,49
2430,9
2430,272
2430,105
2431,212
2431,177
2431,122
2432,261
2432,286
2432,170
2433,191
2433,349
2433,227
2434,490
2434,174
2434,427
2435,345
2435,162
2435,174
2436,273
2436,286
2436,425
2437,161
2437,307
2437,422
2438,243
2438,248
2438,78
2439,439
2439,421
2439,151
2440,211
2440,350
2440,71
2441,395
2441,410
2441,49
2442,335
2442,217
2442,287
2443,68
2443,455
2443,90
2444,51
2444,223
2444,346
2445,246
2445,366
2445,256
2446,212
2446,125
2446,2
2447,311
2447,90
2447,123
2448,347
2448,138
2448,209
2449,379
2449,215
2449,425
2450,111
2450,461
2450,370
2451,333
2451,163
2451,44
2452,205
2452,44
2452,401
2453,272
2453,139
2453,45
2454,104
2454,318
2454,304
2455,192
2455,216
2455,20
2456,167
2456,315
2456,283
2457,289
2457,197
2457,117
2458,342
2458,425
2458,331
2459,358
2459,362
2459,294
2460,374
2460,330
2460,466
2461,27
2461,458
2461,407
2462,407
2462,143
2462,441
2463,150
2463,149
2463,65
2464,422
2464,51
2464,449
2465,112
2465,141
2465,482
2466,244
2466,381
2466,228
2467,129
2467,311
2467,327
2468,466
2468,477
2468,411
2469,319
2469,141
2469,400
2470,145
2470,76
2470,452
2471,320
2471,390
2471,463
2472,49
2472,328
2472,332
2473,285
2473,67
2473,377
2474,384
2474,9
2474,297
2475,359
2475,332
2475,380
2476,114
2476,325
2476,94
2477,307
2477,480
2477,405
2478,146
2478,211
2478,454
2479,255
2479,127
2479,419
2480,217
2480,197
2480,171
2481,369
2481,146
2481,345
2482,155
2482,171
2482,26
2483,356
2483,436
2483,268
2484,471
2484,244
2484,294
2485,62
2485,55
2485,336
2486,95
2486,208
2486,255
2487,25
2487,31
2487,245
2488,402
2488,257
2488,94
2489,308
2489,165
2489,459
2490,243
2490,387
2490,299
2491,454
2491,262
2491,119
2492,108
2492,259
2492,330
2493,193
2493,299
2493,15
2494,248
2494,325
2494,125
2495,428
2495,405
2495,90
2496,93
2496,111
2496,274
2497,301
2497,208
2497,412
2498,421
2498,273
2498,215
2499,201
2499,419
2499,132
2500,185
2500,150
2500,335
2501,445
2501,379
2501,428
2502,118
2502,123
2502,313
2503,194
2503,417
2503,38
2504,435
2504,250
2504,95
2505,47
2505,165
2505,257
2506,297
2506,214
2506,305
2507,60
2507,58
2507,19
2508,184
2508,161
2508,377
2509,400
2509,409
2509,429
2510,292
2510,344
2510,319
2511,433
2511,379
2511,47
2512,494
2512,251
2512,235
2513,301
2513,24
2513,474
2514,67
2514,121
2514,184
2515,325
2515,180
2515,9
2516,375
2516,100
2516,451
2517,45
2517,366
2517,37
2518,170
2518,5
2518,496
2519,310
2519,461
2519,215
2520,480
2520,350
2520,45
2521,464
2521,433
2521,191
2522,138
2522,71
2522,236
2523,311
2523,133
2523,277
2524,72
2524,346
2524,184
2525,380
2525,268
2525,375
2526,291
2526,379
2526,313
2527,466
2527,161
2527,109
2528,202
2528,494
2528,89
2529,282
2529,332
2529,313
2530,443
2530,3
2530,7
2531,126
2531,54
2531,458
2532,94
2532,28
2532,436
2533,238
2533,187
2533,350
2534,276
2534,310
2534,400
2535,169
2535,256
2535,449
2536,300
2536,62
2536,293
2537,243
2537,389
2537,39
2538,191
2538,278
2538,134
2539,431
2539,198
2539,100
2540,117
2540,247
2540,127
2541,38
2541,26
2541,320
2542,458
2542,116
2542,267
2543,128
2543,246
2543,32
2544,401
2544,427
2544,404
2545,229
2545,190
2545,95
2546,231
2546,210
2546,297
2547,310
2547,128
2547,33
2548,364
2548,431
2548,51
2549,426
2549,145
2549,27
2550,25
2550,485
2550,22
2551,363
2551,85
2551,491
2552,426
2552,163
2552,322
2553,109
2553,382
2553,210
2554,156
2554,376
2554,132
2555,454
2555,200
2555,184
2556,261
2556,329
2556,128
2557,89
2557,186
2557,436
2558,206
2558,326
2558,11
2559,184
2559,96
2559,136
2560,410
2560,115
2560,475
2561,227
2561,201
2561,220
2562,5
2562,279
2562,58
2563,133
2563,486
2563,99
2564,133
2564,184
2564,35
2565,490
2565,21
2565,99
2566,246
2566,36
2566,493
2567,353
2567,329
2567,440
2568,250
2568,332
2568,54
2569,292
2569,353
2569,83
2570,277
2570,29
2570,460
2571,248
2571,178
2571,184
2572,372
2572,136
2572,450
2573,89
2573,62
2573,381
2574,140
2574,218
2574,346
2575,469
2575,487
2575,486
2576,360
2576,113
2576,251
2577,208
2577,45
2577,445
2578,482
2578,135
2578,316
2579,216
2579,346
2579,487
2580,33
2580,248
2580,146
2581,4
2581,361
2581,13
2582,108
2582,496
2582,4
2583,355
2583,361
2583,230
2584,349
2584,200
2584,273
2585,116
2585,441
2585,56
2586,255
2586,281
2586,3
2587,279
2587,289
2587,61
2588,120
2588,490
2588,371
2589,379
2589,124
2589,235
2590,320
2590,39
2590,217
2591,367
2591,464
2591,268
2592,84
2592,416
2592,81
2593,477
2593,132
2593,398
2594,339
2594,128
2594,449
2595,27
2595,351
2595,287
2596,81
2596,53
2596,228
2597,335
2597,372
2597,373
2598,298
2598,81
2598,393
2599,13
2599,336
2599,468
2600,208
2600,344
2600,49
2601,336
2601,249
2601,444
2602,462
2602,276
2602,470
2603,44
2603,491
2603,325
2604,169
2604,183
2604,346
2605,144
2605,304
2605,215
2606,115
2606,124
2606,210
2607,232
2607,456
2607,229
2608,48
2608,254
2608,82
2609,64
2609,453
2609,348
2610,266
2610,93
2610,133
2611,76
2611,301
2611,243
2612,238
2612,429
2612,90
2613,172
2613,152
2613,388
2614,353
2614,382
2614,175
2615,272
2615,117
2615,173
2616,176
2616,38
2616,24
2617,226
2617,499
2617,313
2618,15
2618,60
2618,301
2619,209
2619,112
2619,390
2620,225
2620,467
2620,448
2621,212
2621,494
2621,389
2622,267
2622,489
2622,379
2623,194
2623,367
2623,431
2624,302
2624,430
2624,334
2625,347
2625,325
2625,375
2626,72
2626,4
2626,293
2627,127
2627,247
2627,484
2628,196
2628,223
2628,82
2629,358
2629,408
2629,80
2630,444
2630,83
2630,82
2631,16
2631,271
2631,192
2632,167
2632,125
2632,57
2633,286
2633,190
2633,395
2634,399
2634,30
2634,391
2635,410
2635,3
2635,89
2636,47
2636,322
2636,40
2637,482
2637,175
2637,495
2638,90
2638,410
2638,72
2639,235
2639,316
2639,370
2640,272
2640,152
2640,387
2641,137
2641,138
2641,319
2642,161
2642,491
2642,350
2643,487
2643,498
2643,50
2644,473
2644,288
2644,484
2645,58
2645,89
2645,114
2646,479
2646,71
2646,30
2647,272
2647,331
2647,264
2648,236
2648,216
2648,407
2649,240
2649,120
2649,10
2650,398
2650,393
2650,240
2651,395
2651,275
2651,388
2652,123
2652,201
2652,364
2653,237
2653,114
2653,448
2654,421
2654,377
2654,271
2655,83
2655,213
2655,443
2656,309
2656,337
2656,25
2657,426
2657,442
2657,141
2658,227
2658,484
2658,188
2659,349
2659,173
2659,158
2660,176
2660,276
2660,61
2661,121
2661,460
2661,180
2662,404
2662,266
2662,23
2663,208
2663,223
2663,488
2664,267
2664,462
2664,210
2665,423
2665,287
2665,206
2666,444
2666,414
2666,364
2667,453
2667,350
2667,218
2668,376
2668,437
2668,182
2669,434
2669,335
2669,203
2670,273
2670,494
2670,175
2671,19
2671,455
2671,8
2672,256
2672,222
2672,36
2673,478
2673,92
2673,390
2674,149
2674,198
2674,484
2675,305
2675,145
2675,198
2676,142
2676,451
2676,83
2677,200
2677,95
2677,435
2678,51
2678,495
2678,65
2679,237
2679,258
2679,125
2680,370
2680,71
2680,224
2681,386
2681,10
2681,145
2682,448
2682,417
2682,155
2683,45
2683,262
2683,125
2684,433
2684,236
2684,129
2685,17
2685,205
2685,459
2686,158
2686,279
2686,450
2687,249
2687,162
2687,404
2688,6
2688,185
2688,349
2689,433
2689,130
2689,303
2690,152
2690,368
2690,244
2691,96
2691,171
2691,233
2692,313
2692,22
2692,470
2693,256
2693,276
2693,350
2694,34
2694,494
2694,183
2695,187
2695,269
2695,94
2696,172
2696,405
2696,8
2697,340
2697,18
2697,253
2698,422
2698,367
2698,296
2699,223
2699,278
2699,442
2700,406
2700,164
2700,326
2701,125
2701,203
2701,346
2702,15
2702,351
2702,305
2703,244
2703,199
2703,26
2704,101
2704,44
2704,224
2705,17
2705,240
2705,273
2706,287
2706,366
2706,376
2707,352
2707,375
2707,302
2708,90
2708,26
2708,309
2709,236
2709,173
2709,477
2710,419
2710,362
2710,407
2711,405
2711,332
2711,432
2712,178
2712,14
2712,458
2713,316
2713,193
2713,442
2714,255
2714,215
2714,406
2715,265
2715,272
2715,292
2716,433
2716,172
2716,116
2717,347
2717,275
2717,69
2718,382
2718,427
2718,37
2719,456
2719,271
2719,21
2720,339
2720,71
2720,213
2721,359
2721,434
2721,75
2722,63
2722,489
2722,354
2723,409
2723,73
2723,148
2724,499
2724,259
2724,219
2725,487
2725,450
2725,132
2726,66
2726,276
2726,11
2727,217
2727,53
2727,42
2728,338
2728,333
2728,32
2729,383
2729,165
2729,248
2730,90
2730,15
2730,363
2731,396
2731,409
2731,88
2732,447
2732,274
2732,369
2733,120
2733,174
2733,11
2734,351
2734,238
2734,93
2735,283
2735,290
2735,462
2736,399
2736,238
2736,370
2737,101
2737,424
2737,317
2738,27
2738,101
2738,437
2739,99
2739,163
2739,43
2740,305
2740,62
2740,423
2741,489
2741,79
2741,323
2742,250
2742,306
2742,180
2743,251
2743,428
2743,229
2744,442
2744,316
2744,20
2745,310
2745,83
2745,181
2746,437
2746,21
2746,366
2747,221
2747,95
2747,40
2748,203
2748,97
2748,53
2749,360
2749,45
2749,283
2750,500
2750,58
2750,319
2751,146
2751,262
2751,12
2752,408
2752,93
2752,396
2753,283
2753,345
2753,474
2754,230
2754,6
2754,339
2755,135
2755,68
2755,400
2756,146
2756,75
2756,163
2757,452
2757,174
2757,123
2758,244
2758,296
2758,114
2759,233
2759,264
2759,356
2760,288
2760,373
2760,274
2761,386
2761,268
2761,327
2762,368
2762,49
2762,205
2763,229
2763,425
2763,87
2764,321
2764,305
2764,38
2765,232
2765,305
2765,307
2766,431
2766,308
2766,275
2767,163
2767,64
2767,141
2768,275
2768,249
2768,296
2769,469
2769,258
2769,263
2770,65
2770,268
2770,116
2771,354
2771,171
2771,312
2772,266
2772,252
2772,277
2773,420
2773,177
2773,130
2774,43
2774,331
2774,19
2775,487
2775,129
2775,2
2776,378
2776,390
2776,335
2777,202
2777,195
2777,68
2778,481
2778,391
2778,370
2779,381
2779,223
2779,305
2780,460
2780,403
2780,99
2781,467
2781,243
2781,24
2782,7
2782,153
2782,10
2783,284
2783,424
2783,123
2784,244
2784,171
2784,369
2785,157
2785,317
2785,358
2786,329
2786,448
2786,177
2787,311
2787,274
2787,367
2788,314
2788,500
2788,73
2789,413
2789,396
2789,480
2790,417
2790,416
2790,429
2791,199
2791,93
2791,482
2792,451
2792,80
2792,68
2793,18
2793,42
2793,479
2794,407
2794,400
2794,235
2795,336
2795,75
2795,482
2796,155
2796,253
2796,451
2797,149
2797,151
2797,128
2798,286
2798,486
2798,302
2799,5
2799,91
2799,270
2800,345
2800,14
2800,276
2801,229
2801,379
2801,330
2802,423
2802,466
2802,275
2803,423
2803,93
2803,60
2804,486
2804,134
2804,415
2805,19
2805,232
2805,379
2806,88
2806,22
2806,496
2807,105
2807,425
2807,265
2808,214
2808,332
2808,351
2809,315
2809,234
2809,89
2810,240
2810,335
2810,420
2811,18
2811,308
2811,409
2812,100
2812,452
2812,277
2813,53
2813,107
2813,23
2814,130
2814,199
2814,70
2815,366
2815,128
2815,70
2816,215
2816,329
2816,40
2817,332
2817,490
2817,122
2818,96
2818,310
2818,318
2819,290
2819,401
2819,125
2820,452
2820,319
2820,468
2821,101
2821,266
2821,171
2822,312
2822,407
2822,366
2823,80
2823,196
2823,266
2824,44
2824,308
2824,10
2825,265
2825,199
2825,113
2826,409
2826,500
2826,146
2827,484
2827,499
2827,467
2828,337
2828,419
2828,316
2829,225
2829,89
2829,54
2830,41
2830,134
2830,143
2831,75
2831,296
2831,449
2832,425
2832,21
2832,29
2833,166
2833,179
2833,282
2834,240
2834,12
2834,445
2835,367
2835,42
2835,106
2836,475
2836,145
2836,152
2837,100
2837,285
2837,13
2838,83
2838,160
2838,87
2839,68
2839,425
2839,199
2840,208
2840,311
2840,207
2841,142
2841,294
2841,144
2842,319
2842,259
2842,239
2843,207
2843,201
2843,196
2844,270
2844,364
2844,262
2845,296
2845,62
2845,455
2846,248
2846,207
2846,62
2847,467
2847,190
2847,343
2848,195
2848,8
2848,476
2849,96
2849,411
2849,190
2850,241
2850,377
2850,441
2851,253
2851,149
2851,382
2852,404
2852,153
2852,433
2853,246
2853,137
2853,281
2854,312
2854,16
2854,434
2855,456
2855,351
2855,10
2856,326
2856,395
2856,17
2857,141
2857,270
2857,407
2858,423
2858,402
2858,386
2859,420
2859,281
2859,18
2860,437
2860,148
2860,296
2861,449
2861,114
2861,408
2862,24
2862,105
2862,358
2863,240
2863,399
2863,429
2864,145
2864,331
2864,155
2865,138
2865,277
2865,230
2866,109
2866,423
2866,54
2867,344
2867,184
2867,79
2868,309
2868,393
2868,122
2869,127
2869,173
2869,62
2870,414
2870,474
2870,68
2871,480
2871,98
2871,471
2872,112
2872,15
2872,91
2873,9
2873,175
2873,390
2874,75
2874,22
2874,9
2875,293
2875,372
2875,110
2876,327
2876,87
2876,303
2877,393
2877,217
2877,330
2878,59
2878,121
2878,200
2879,430
2879,132
2879,388
2880,197
2880,51
2880,72
2881,276
2881,104
2881,30
2882,170
2882,464
2882,46
2883,414
2883,468
2883,355
2884,269
2884,175
2884,74
2885,259
2885,132
2885,62
2886,193
2886,57
2886,156
2887,495
2887,481
2887,430
2888,417
2888,234
2888,422
2889,39
2889,370
2889,208
2890,376
2890,136
2890,135
2891,359
2891,66
2891,347
2892,30
2892,205
2892,464
2893,363
2893,443
2893,431
2894,208
2894,50
2894,78
2895,68
2895,423
2895,281
2896,419
2896,260
2896,205
2897,417
2897,384
2897,63
2898,417
2898,455
2898,254
2899,462
2899,441
2899,448
2900,459
2900,235
2900,101
2901,379
2901,374
2901,221
2902,88
2902,462
2902,106
2903,414
2903,395
2903,284
2904,319
2904,228
2904,305
2905,254
2905,374
2905,121
2906,477
2906,310
2906,9
2907,439
2907,345
2907,455
2908,491
2908,172
2908,412
2909,410
2909,322
2909,266
2910,185
2910,118
2910,8
2911,306
2911,202
2911,321
2912,64
2912,328
2912,91
2913,442
2913,166
2913,100
2914,171
2914,334
2914,156
2915,179
2915,451
2915,375
2916,248
2916,436
2916,71
2917,468
2917,411
2917,355
2918,266
2918,63
2918,183
2919,195
2919,374
2919,68
2920,302
2920,471
2920,42
2921,415
2921,38
2921,298
2922,353
2922,341
2922,212
2923,318
2923,84
2923,496
2924,269
2924,256
2924,38
2925,297
2925,415
2925,127
2926,82
2926,181
2926,64
2927,119
2927,475
2927,153
2928,116
2928,430
2928,61
2929,279
2929,263
2929,113
2930,275
2930,198
2930,104
2931,259
2931,183
2931,336
2932,234
2932,292
2932,143
2933,287
2933,332
2933,356
2934,52
2934,350
2934,407
2935,371
2935,187
2935,225
2936,298
2936,241
2936,144
2937,351
2937,401
2937,179
2938,209
2938,482
2938,256
2939,228
2939,248
2939,99
2940,232
2940,195
2940,139
2941,420
2941,349
2941,335
2942,371
2942,250
2942,407
2943,489
2943,156
2943,463
2944,65
2944,147
2944,479
2945,2
2945,343
2945,109
2946,275
2946,224
2946,417
2947,125
2947,56
2947,453
2948,220
2948,85
2948,437
2949,473
2949,22
2949,459
2950,359
2950,341
2950,231
2951,73
2951,441
2951,251
2952,395
2952,331
2952,8
2953,452
2953,58
2953,149
2954,147
2954,43
2954,423
2955,440
2955,253
2955,101
2956,308
2956,61
2956,193
2957,192
2957,73
2957,136
2958,479
2958,345
2958,355
2959,129
2959,142
2959,379
2960,140
2960,405
2960,130
2961,268
2961,49
2961,420
2962,188
2962,352
2962,434
2963,180
2963,104
2963,322
2964,319
2964,50
2964,149
2965,467
2965,78
2965,51
2966,498
2966,112
2966,9
2967,447
2967,4
2967,121
2968,332
2968,487
2968,394
2969,161
2969,388
2969,368
2970,73
2970,76
2970,16
2971,241
2971,17
2971,195
2972,118
2972,86
2972,33
2973,330
2973,153
2973,211
2974,496
2974,56
2974,413
2975,383
2975,16
2975,425
2976,263
2976,362
2976,65
2977,338
2977,15
2977,390
2978,173
2978,365
2978,205
2979,338
2979,87
2979,489
2980,438
2980,484
2980,327
2981,265
2981,35
2981,12
2982,260
2982,215
2982,16
2983,224
2983,328
2983,36
2984,31
2984,462
2984,493
2985,323
2985,32
2985,26
2986,340
2986,270
2986,400
2987,248
2987,365
2987,398
2988,163
2988,453
2988,251
2989,342
2989,35
2989,150
2990,315
2990,369
2990,244
2991,27
2991,86
2991,250
2992,215
2992,373
2992,35
2993,135
2993,41
2993,327
2994,408
2994,94
2994,384
2995,146
2995,329
2995,194
2996,400
2996,173
2996,423
2997,248
2997,68
2997,121
2998,194
2998,133
2998,12
2999,331
2999,286
2999,341
3000,131
3000,261
3000,427
3001,128
3001,379
3001,466
3002,277
3002,317
3002,368
3003,220
3003,365
3003,103
3004,264
3004,443
3004,200
3005,330
3005,21
3005,429
3006,37
3006,493
3006,307
3007,160
3007,332
3007,29
3008,204
3008,264
3008,220
3009,19
3009,14
3009,440
3010,303
3010,377
3010,246
3011,431
3011,329
3011,459
3012,207
3012,225
3012,118
3013,234
3013,241
3013,464
3014,233
3014,263
3014,119
3015,224
3015,333
3015,282
3016,216
3016,147
3016,265
3017,229
3017,424
3017,227
3018,270
3018,355
3018,255
3019,298
3019,474
3019,122
3020,362
3020,69
3020,215
3021,72
3021,120
3021,363
3022,264
3022,101
3022,143
3023,448
3023,183
3023,250
3024,499
3024,307
3024,449
3025,464
3025,52
3025,163
3026,459
3026,313
3026,460
3027,363
3027,47
3027,158
3028,229
3028,105
3028,245
3029,438
3029,2
3029,50
3030,145
3030,241
3030,112
3031,163
3031,486
3031,123
3032,318
3032,495
3032,135
3033,36
3033,331
3033,349
3034,83
3034,500
3034,352
3035,397
3035,224
3035,335
3036,349
3036,48
3036,153
3037,354
3037,375
3037,113
3038,484
3038,349
3038,34
3039,159
3039,43
3039,172
3040,29
3040,236
3040,37
3041,87
3041,300
3041,66
3042,484
3042,112
3042,81
3043,428
3043,224
3043,36
3044,288
3044,223
3044,110
3045,155
3045,127
3045,247
3046,159
3046,236
3046,446
3047,148
3047,37
3047,192
3048,486
3048,115
3048,346
3049,104
3049,166
3049,327
3050,487
3050,489
3050,204
3051,399
3051,73
3051,414
3052,275
3052,377
3052,41
3053,138
3053,470
3053,36
3054,125
3054,127
3054,186
3055,75
3055,263
3055,366
3056,237
3056,129
3056,167
3057,373
3057,104
3057,108
3058,321
3058,128
3058,27
3059,492
3059,316
3059,395
3060,458
3060,396
3060,79
3061,273
3061,476
3061,90
3062,61
3062,267
3062,340
3063,492
3063,131
3063,59
3064,257
3064,42
3064,299
3065,226
3065,381
3065,91
3066,482
3066,291
3066,309
3067,221
3067,55
3067,199
3068,80
3068,199
3068,418
3069,138
3069,433
3069,53
3070,147
3070,181
3070,303
3071,460
3071,53
3071,242
3072,149
3072,253
3072,117
3073,41
3073,28
3073,346
3074,466
3074,218
3074,68
3075,413
3075,303
3075,38
3076,376
3076,244
3076,267
3077,280
3077,209
3077,358
3078,324
3078,449
3078,139
3079,250
3079,77
3079,277
3080,168
3080,197
3080,51
3081,84
3081,338
3081,485
3082,1
3082,300
3082,363
3083,316
3083,195
3083,94
3084,409
3084,197
3084,375
3085,292
3085,470
3085,296
3086,408
3086,388
3086,351
3087,55
3087,146
3087,199
3088,469
3088,176
3088,202
3089,214
3089,116
3089,356
3090,189
3090,494
3090,417
3091,48
3091,8
3091,370
3092,218
3092,23
3092,429
3093,251
3093,183
3093,327
3094,116
3094,86
3094,131
3095,142
3095,480
3095,186
3096,444
3096,456
3096,347
3097,203
3097,223
3097,18
3098,360
3098,144
3098,384
3099,291
3099,232
3099,268
3100,372
3100,383
3100,267
3101,459
3101,301
3101,375
3102,249
3102,59
3102,267
3103,157
3103,131
3103,127
3104,106
3104,143
3104,231
3105,490
3105,95
3105,305
3106,313
3106,295
3106,280
3107,100
3107,374
3107,268
3108,435
3108,150
3108,196
3109,448
3109,357
3109,437
3110,206
3110,262
3110,13
3111,363
3111,386
3111,325
3112,494
3112,274
3112,416
3113,179
3113,165
3113,279
3114,281
3114,278
3114,158
3115,77
3115,371
3115,426
3116,415
3116,141
3116,438
3117,458
3117,217
3117,112
3118,192
3118,106
3118,118
3119,168
3119,251
3119,331
3120,324
3120,354
3120,447
3121,389
3121,482
3121,402
3122,490
3122,16
3122,175
3123,182
3123,355
3123,120
3124,133
3124,30
3124,132
3125,64
3125,335
3125,27
3126,211
3126,111
3126,117
3127,72
3127,341
3127,155
3128,247
3128,405
3128,128
3129,92
3129,171
3129,448
3130,150
3130,435
3130,251
3131,141
3131,427
3131,246
3132,133
3132,416
3132,290
3133,451
3133,258
3133,243
3134,308
3134,96
3134,83
3135,5
3135,185
3135,145
3136,288
3136,202
3136,465
3137,461
3137,458
3137,140
3138,229
3138,197
3138,162
3139,447
3139,178
3139,38
3140,440
3140,361
3140,385
3141,394
3141,499
3141,369
3142,271
3142,231
3142,410
3143,437
3143,147
3143,402
3144,422
3144,465
3144,34
3145,76
3145,357
3145,220
3146,163
3146,122
3146,197
3147,136
3147,123
3147,495
3148,272
3148,333
3148,395
3149,278
3149,203
3149,395
3150,396
3150,154
3150,73
3151,167
3151,322
3151,42
3152,296
3152,489
3152,98
3153,476
3153,282
3153,69
3154,366
3154,303
3154,414
3155,223
3155,80
3155,294
3156,5
3156,232
3156,498
3157,126
3157,421
3157,51
3158,148
3158,172
3158,239
3159,411
3159,322
3159,240
3160,163
3160,483
3160,43
3161,215
3161,471
3161,221
3162,272
3162,439
3162,137
3163,240
3163,492
3163,360
3164,404
3164,377
3164,154
3165,326
3165,371
3165,399
3166,254
3166,40
3166,303
3167,269
3167,157
3167,307
3168,496
3168,336
3168,171
3169,291
3169,246
3169,192
3170,498
3170,214
3170,324
3171,84
3171,151
3171,119
3172,289
3172,437
3172,471
3173,121
3173,390
3173,440
3174,41
3174,352
3174,273
3175,163
3175,291
3175,164
3176,146
3176,93
3176,396
3177,291
3177,164
3177,54
3178,149
3178,285
3178,220
3179,151
3179,380
3179,69
3180,66
3180,217
3180,82
3181,467
3181,260
3181,203
3182,302
3182,255
3182,342
3183,234
3183,293
3183,153
3184,373
3184,427
3184,351
3185,47
3185,64
3185,170
3186,65
3186,174
3186,196
3187,497
3187,195
3187,112
3188,461
3188,201
3188,73
3189,225
3189,269
3189,454
3190,196
3190,7
3190,355
3191,317
3191,311
3191,196
3192,457
3192,422
3192,202
3193,127
3193,320
3193,179
3194,270
3194,155
3194,493
3195,75
3195,260
3195,293
3196,298
3196,77
3196,28
3197,251
3197,19
3197,321
3198,32
3198,152
3198,466
3199,30
3199,68
3199,235
3200,408
3200,350
3200,25
3201,211
3201,219
3201,148
3202,456
3202,337
3202,500
3203,395
3203,193
3203,76
3204,234
3204,483
3204,15
3205,456
3205,440
3205,359
3206,210
3206,362
3206,38
3207,331
3207,95
3207,204
3208,262
3208,426
3208,133
3209,402
3209,163
3209,436
3210,321
3210,94
3210,481
3211,292
3211,320
3211,456
3212,462
3212,437
3212,369
3213,168
3213,374
3213,50
3214,416
3214,460
3214,366
3215,192
3215,401
3215,485
3216,40
3216,213
3216,410
3217,103
3217,322
3217,22
3218,390
3218,194
3218,219
3219,188
3219,187
3219,131
3220,338
3220,408
3220,485
3221,192
3221,69
3221,478
3222,488
3222,377
3222,156
3223,354
3223,292
3223,164
3224,67
3224,54
3224,206
3225,90
3225,428
3225,305
3226,109
3226,142
3226,491
3227,460
3227,382
3227,61
3228,70
3228,473
3228,48
3229,161
3229,184
3229,61
3230,444
3230,325
3230,384
3231,439
3231,289
3231,313
3232,362
3232,100
3232,474
3233,42
3233,61
3233,438
3234,315
3234,62
3234,39
3235,131
3235,33
3235,91
3236,51
3236,405
3236,138
3237,277
3237,79
3237,54
3238,378
3238,184
3238,315
3239,480
3239,396
3239,48
3240,10
3240,408
3240,115
3241,278
3241,333
3241,420
3242,215
3242,154
3242,2
3243,445
3243,12
3243,234
3244,29
3244,456
3244,187
3245,257
3245,37
3245,237
3246,433
3246,321
3246,287
3247,339
3247,174
3247,123
3248,161
3248,403
3248,349
3249,411
3249,245
3249,463
3250,147
3250,170
3250,327
3251,481
3251,111
3251,68
3252,38
3252,424
3252,196
3253,356
3253,396
3253,150
3254,463
3254,313
3254,95
3255,348
3255,296
3255,247
3256,66
3256,156
3256,438
3257,73
3257,241
3257,259
3258,334
3258,435
3258,355
3259,449
3259,484
3259,378
3260,12
3260,399
3260,337
3261,211
3261,350
3261,124
3262,360
3262,90
3262,43
3263,33
3263,139
3263,482
3264,138
3264,406
3264,165
3265,76
3265,492
3265,229
3266,279
3266,162
3266,320
3267,297
3267,224
3267,257
3268,41
3268,480
3268,365
3269,121
3269,12
3269,231
3270,305
3270,319
3270,62
3271,495
3271,191
3271,130
3272,297
3272,333
3272,265
3273,318
3273,69
3273,58
3274,344
3274,248
3274,147
3275,424
3275,498
3275,431
3276,163
3276,292
3276,158
3277,470
3277,126
3277,164
3278,164
3278,211
3278,384
3279,81
3279,488
3279,364
3280,34
3280,366
3280,138
3281,26
3281,94
3281,283
3282,186
3282,366
3282,105
3283,373
3283,153
3283,139
3284,320
3284,124
3284,2
3285,207
3285,416
3285,425
3286,157
3286,410
3286,309
3287,58
3287,491
3287,289
3288,126
3288,92
3288,319
3289,73
3289,101
3289,86
3290,428
3290,33
3290,483
3291,103
3291,99
3291,209
3292,263
3292,28
3292,42
3293,495
3293,279
3293,248
3294,21
3294,240
3294,407
3295,479
3295,196
3295,482
3296,61
3296,44
3296,447
3297,490
3297,350
3297,361
3298,207
3298,306
3298,252
3299,355
3299,222
3299,123
3300,89
3300,153
3300,225
3301,126
3301,70
3301,72
3302,220
3302,248
3302,55
3303,287
3303,354
3303,12
3304,450
3304,286
3304,332
3305,319
3305,140
3305,237
3306,216
3306,103
3306,179
3307,410
3307,285
3307,414
3308,337
3308,365
3308,358
3309,359
3309,117
3309,366
3310,117
3310,170
3310,281
3311,147
3311,201
3311,57
3312,219
3312,43
3312,488
3313,12
3313,140
3313,381
3314,6
3314,260
3314,477
3315,499
3315,4
3315,464
3316,440
3316,269
3316,136
3317,340
3317,52
3317,345
3318,351
3318,3
3318,47
3319,189
3319,407
3319,125
3320,233
3320,175
3320,241
3321,297
3321,116
3321,366
3322,58
3322,374
3322,195
3323,215
3323,104
3323,43
3324,12
3324,28
3324,164
3325,313
3325,257
3325,314
3326,240
3326,459
3326,369
3327,190
3327,120
3327,97
3328,86
3328,251
3328,348
3329,74
3329,16
3329,231
3330,238
3330,340
3330,492
3331,147
3331,404
3331,424
3332,39
3332,27
3332,274
3333,166
3333,37
3333,459
3334,37
3334,116
3334,283
3335,301
3335,463
3335,120
3336,121
3336,386
3336,49
3337,498
3337,364
3337,395
3338,358
3338,259
3338,158
3339,240
3339,354
3339,493
3340,445
3340,53
3340,422
3341,128
3341,184
3341,187
3342,409
3342,373
3342,374
3343,394
3343,142
3343,305
3344,458
3344,258
3344,482
3345,343
3345,416
3345,310
3346,307
3346,435
3346,351
3347,484
3347,437
3347,58
3348,363
3348,431
3348,89
3349,1
3349,55
3349,216
3350,418
3350,479
3350,275
3351,107
3351,305
3351,413
3352,394
3352,151
3352,383
3353,106
3353,15
3353,490
3354,275
3354,55
3354,175
3355,398
3355,294
3355,141
3356,229
3356,325
3356,138
3357,70
3357,83
3357,190
3358,120
3358,462
3358,232
3359,394
3359,197
3359,227
3360,78
3360,193
3360,394
3361,491
3361,464
3361,321
3362,86
3362,208
3362,309
3363,421
3363,324
3363,404
3364,178
3364,323
3364,82
3365,435
3365,65
3365,232
3366,110
3366,259
3366,249
3367,366
3367,379
3367,158
3368,126
3368,470
3368,447
3369,23
3369,76
3369,126
3370,335
3370,156
3370,35
3371,478
3371,291
3371,356
3372,347
3372,225
3372,128
3373,136
3373,480
3373,171
3374,10
3374,291
3374,249
3375,342
3375,335
3375,114
3376,154
3376,497
3376,357
3377,27
3377,476
3377,198
3378,494
3378,322
3378,116
3379,441
3379,434
3379,217
3380,125
3380,348
3380,494
3381,319
3381,491
3381,260
3382,377
3382,383
3382,196
3383,410
3383,225
3383,113
3384,296
3384,136
3384,172
3385,203
3385,185
3385,49
3386,428
3386,143
3386,86
3387,454
3387,9
3387,478
3388,322
3388,383
3388,47
3389,17
3389,161
3389,354
3390,164
3390,480
3390,139
3391,422
3391,48
3391,172
3392,133
3392,374
3392,277
3393,311
3393,350
3393,305
3394,227
3394,115
3394,432
3395,91
3395,479
3395,120
3396,48
3396,56
3396,325
3397,140
3397,46
3397,227
3398,255
3398,175
3398,268
3399,54
3399,49
3399,351
3400,109
3400,356
3400,384
3401,409
3401,430
3401,438
3402,63
3402,83
3402,105
3403,361
3403,11
3403,78
3404,95
3404,458
3404,476
3405,169
3405,130
3405,327
3406,118
3406,325
3406,218
3407,191
3407,390
3407,21
3408,240
3408,99
3408,123
3409,356
3409,441
3409,231
3410,168
3410,199
3410,260
3411,412
3411,211
3411,437
3412,15
3412,192
3412,437
3413,62
3413,478
3413,60
3414,282
3414,368
3414,447
3415,118
3415,190
3415,193
3416,413
3416,48
3416,102
3417,391
3417,300
3417,401
3418,16
3418,305
3418,125
3419,69
3419,360
3419,403
3420,216
3420,313
3420,115
3421,459
3421,115
3421,243
3422,332
3422,214
3422,412
3423,406
3423,422
3423,423
3424,189
3424,79
3424,38
3425,8
3425,89
3425,372
3426,276
3426,84
3426,366
3427,155
3427,128
3427,208
3428,338
3428,199
3428,9
3429,337
3429,465
3429,416
3430,274
3430,379
3430,498
3431,144
3431,137
3431,129
3432,446
3432,50
3432,201
3433,466
3433,318
3433,196
3434,340
3434,223
3434,149
3435,212
3435,192
3435,171
3436,56
3436,43
3436,24
3437,71
3437,390
3437,402
3438,427
3438,149
3438,266
3439,37
3439,251
3439,342
3440,271
3440,17
3440,371
3441,70
3441,20
3441,305
3442,188
3442,203
3442,165
3443,126
3443,70
3443,74
3444,245
3444,40
3444,471
3445,69
3445,120
3445,199
3446,480
3446,56
3446,355
3447,64
3447,246
3447,159
3448,99
3448,493
3448,431
3449,488
3449,500
3449,400
3450,91
3450,284
3450,180
3451,401
3451,467
3451,388
3452,355
3452,475
3452,166
3453,129
3453,159
3453,213
3454,157
3454,390
3454,113
3455,474
3455,405
3455,392
3456,191
3456,358
3456,334
3457,4
3457,66
3457,144
3458,158
3458,263
3458,203
3459,294
3459,6
3459,410
3460,72
3460,309
3460,340
3461,79
3461,467
3461,246
3462,275
3462,400
3462,2
3463,141
3463,185
3463,87
3464,88
3464,302
3464,305
3465,356
3465,184
3465,493
3466,383
3466,241
3466,437
3467,250
3467,31
3467,327
3468,465
3468,187
3468,313
3469,291
3469,67
3469,17
3470,301
3470,463
3470,312
3471,123
3471,438
3471,376
3472,189
3472,370
3472,237
3473,456
3473,168
3473,323
3474,88
3474,73
3474,264
3475,419
3475,207
3475,168
3476,287
3476,267
3476,206
3477,44
3477,205
3477,183
3478,409
3478,350
3478,134
3479,384
3479,60
3479,30
3480,290
3480,206
3480,224
3481,119
3481,410
3481,453
3482,385
3482,59
3482,201
3483,143
3483,306
3483,445
3484,46
3484,91
3484,373
3485,262
3485,42
3485,481
3486,88
3486,144
3486,201
3487,53
3487,234
3487,27
3488,426
3488,107
3488,134
3489,471
3489,308
3489,476
3490,198
3490,162
3490,253
3491,418
3491,222
3491,420
3492,240
3492,2
3492,392
3493,367
3493,175
3493,21
3494,215
3494,499
3494,332
3495,268
3495,471
3495,293
3496,403
3496,72
3496,156
3497,372
3497,404
3497,47
3498,450
3498,37
3498,309
3499,80
3499,2
3499,249
3500,159
3500,187
3500,7
3501,105
3501,67
3501,116
3502,18
3502,384
3502,99
3503,243
3503,378
3503,257
3504,181
3504,429
3504,444
3505,130
3505,135
3505,162
3506,365
3506,318
3506,93
3507,89
3507,404
3507,307
3508,141
3508,406
3508,458
3509,221
3509,399
3509,82
3510,129
3510,433
3510,406
3511,181
3511,110
3511,41
3512,470
3512,472
3512,499
3513,415
3513,133
3513,459
3514,269
3514,236
3514,256
3515,50
3515,380
3515,123
3516,164
3516,499
3516,189
3517,460
3517,394
3517,74
3518,500
3518,138
3518,256
3519,188
3519,337
3519,406
3520,287
3520,248
3520,382
3521,22
3521,320
3521,69
3522,407
3522,16
3522,285
3523,189
3523,22
3523,25
3524,107
3524,426
3524,21
3525,23
3525,307
3525,47
3526,110
3526,201
3526,224
3527,445
3527,310
3527,400
3528,163
3528,339
3528,285
3529,374
3529,54
3529,396
3530,183
3530,338
3530,445
3531,440
3531,100
3531,317
3532,469
3532,494
3532,310
3533,160
3533,60
3533,26
3534,352
3534,358
3534,34
3535,8
3535,52
3535,29
3536,187
3536,151
3536,188
3537,244
3537,241
3537,134
3538,15
3538,233
3538,20
3539,68
3539,120
3539,306
3540,341
3540,65
3540,322
3541,172
3541,42
3541,298
3542,25
3542,40
3542,369
3543,133
3543,53
3543,162
3544,267
3544,336
3544,259
3545,396
3545,213
3545,331
3546,452
3546,346
3546,374
3547,395
3547,293
3547,406
3548,22
3548,180
3548,250
3549,198
3549,90
3549,22
3550,297
3550,225
3550,336
3551,188
3551,417
3551,402
3552,121
3552,252
3552,379
3553,318
3553,458
3553,208
3554,254
3554,301
3554,407
3555,271
3555,52
3555,304
3556,65
3556,144
3556,139
3557,317
3557,496
3557,142
3558,303
3558,158
3558,292
3559,116
3559,239
3559,105
3560,84
3560,204
3560,303
3561,172
3561,270
3561,359
3562,211
3562,154
3562,435
3563,64
3563,67
3563,457
3564,131
3564,157
3564,307
3565,324
3565,170
3565,479
3566,449
3566,82
3566,412
3567,495
3567,239
3567,36
3568,132
3568,278
3568,223
3569,295
3569,214
3569,202
3570,121
3570,421
3570,179
3571,274
3571,97
3571,309
3572,163
3572,394
3572,102
3573,293
3573,418
3573,429
3574,175
3574,260
3574,125
3575,430
3575,209
3575,384
3576,359
3576,348
3576,483
3577,323
3577,284
3577,38
3578,193
3578,495
3578,106
3579,168
3579,84
3579,245
3580,488
3580,295
3580,56
3581,376
3581,500
3581,63
3582,31
3582,333
3582,28
3583,449
3583,432
3583,57
3584,458
3584,98
3584,327
3585,435
3585,469
3585,193
3586,125
3586,386
3586,281
3587,146
3587,370
3587,459
3588,179
3588,407
3588,465
3589,200
3589,194
3589,458
3590,126
3590,313
3590,400
3591,357
3591,128
3591,268
3592,469
3592,462
3592,282
3593,215
3593,82
3593,401
3594,14
3594,5
3594,90
3595,80
3595,99
3595,147
3596,372
3596,366
3596,70
3597,265
3597,498
3597,288
3598,135
3598,102
3598,414
3599,374
3599,227
3599,315
3600,346
3600,311
3600,163
3601,445
3601,20
3601,468
3602,429
3602,293
3602,272
3603,163
3603,349
3603,354
3604,486
3604,159
3604,136
3605,420
3605,273
3605,70
3606,149
3606,423
3606,128
3607,100
3607,450
3607,18
3608,197
3608,20
3608,280
3609,331
3609,306
3609,221
3610,339
3610,384
3610,205
3611,283
3611,276
3611,247
3612,336
3612,163
3612,132
3613,261
3613,216
3613,436
3614,20
3614,136
3614,77
3615,10
3615,219
3615,192
3616,366
3616,23
3616,70
3617,22
3617,3
3617,103
3618,252
3618,340
3618,379
3619,497
3619,385
3619,245
3620,91
3620,301
3620,219
3621,490
3621,350
3621,169
3622,88
3622,487
3622,111
3623,479
3623,317
3623,217
3624,113
3624,463
3624,348
3625,255
3625,22
3625,102
3626,300
3626,36
3626,434
3627,444
3627,124
3627,95
3628,188
3628,145
3628,136
3629,209
3629,273
3629,4
3630,151
3630,301
3630,359
3631,6
3631,53
3631,461
3632,412
3632,264
3632,46
3633,293
3633,484
3633,105
3634,399
3634,358
3634,426
3635,421
3635,171
3635,369
3636,335
3636,407
3636,108
3637,160
3637,268
3637,440
3638,277
3638,374
3638,208
3639,494
3639,206
3639,180
3640,366
3640,343
3640,426
3641,388
3641,327
3641,35
3642,284
3642,18
3642,104
3643,359
3643,262
3643,418
3644,22
3644,131
3644,327
3645,95
3645,174
3645,48
3646,61
3646,144
3646,474
3647,400
3647,215
3647,357
3648,283
3648,238
3648,48
3649,152
3649,167
3649,114
3650,91
3650,299
3650,197
3651,44
3651,7
3651,311
3652,83
3652,429
3652,156
3653,368
3653,138
3653,293
3654,113
3654,202
3654,400
3655,495
3655,20
3655,66
3656,38
3656,458
3656,284
3657,205
3657,49
3657,118
3658,456
3658,231
3658,463
3659,34
3659,53
3659,136
3660,237
3660,469
3660,386
3661,466
3661,5
3661,259
3662,306
3662,208
3662,320
3663,11
3663,480
3663,262
3664,117
3664,71
3664,215
3665,454
3665,84
3665,369
3666,246
3666,411
3666,74
3667,437
3667,303
3667,125
3668,232
3668,279
3668,471
3669,428
3669,366
3669,321
3670,65
3670,205
3670,210
3671,202
3671,217
3671,53
3672,459
3672,42
3672,17
3673,155
3673,210
3673,246
3674,295
3674,432
3674,107
3675,431
3675,376
3675,268
3676,432
3676,133
3676,57
3677,138
3677,450
3677,77
3678,473
3678,488
3678,23
3679,67
3679,339
3679,317
3680,428
3680,80
3680,41
3681,156
3681,134
3681,137
3682,97
3682,233
3682,389
3683,312
3683,500
3683,461
3684,36
3684,376
3684,334
3685,323
3685,322
3685,337
3686,194
3686,299
3686,94
3687,286
3687,41
3687,202
3688,19
3688,487
3688,147
3689,62
3689,167
3689,204
3690,470
3690,439
3690,7
3691,412
3691,74
3691,146
3692,274
3692,59
3692,430
3693,285
3693,29
3693,18
3694,489
3694,446
3694,155
3695,320
3695,362
3695,340
3696,353
3696,34
3696,126
3697,396
3697,431
3697,164
3698,14
3698,427
3698,87
3699,443
3699,364
3699,84
3700,163
3700,223
3700,86
3701,100
3701,423
3701,254
3702,380
3702,261
3702,314
3703,112
3703,182
3703,425
3704,305
3704,323
3704,103
3705,308
3705,270
3705,468
3706,188
3706,491
3706,257
3707,271
3707,401
3707,101
3708,30
3708,343
3708,423
3709,314
3709,392
3709,18
3710,115
3710,328
3710,122
3711,292
3711,256
3711,155
3712,58
3712,210
3712,182
3713,166
3713,325
3713,135
3714,454
3714,187
3714,303
3715,325
3715,209
3715,228
3716,377
3716,447
3716,364
3717,249
3717,217
3717,354
3718,286
3718,169
3718,99
3719,343
3719,31
3719,224
3720,314
3720,93
3720,256
3721,122
3721,479
3721,216
3722,103
3722,195
3722,100
3723,332
3723,15
3723,10
3724,83
3724,39
3724,169
3725,206
3725,286
3725,350
3726,63
3726,91
3726,12
3727,102
3727,99
3727,33
3728,72
3728,482
3728,67
3729,406
3729,259
3729,374
3730,350
3730,140
3730,150
3731,467
3731,36
3731,165
3732,263
3732,411
3732,259
3733,429
3733,51
3733,361
3734,273
3734,96
3734,48
3735,312
3735,301
3735,120
3736,100
3736,220
3736,10
3737,199
3737,106
3737,6
3738,48
3738,19
3738,236
3739,250
3739,427
3739,475
3740,384
3740,221
3740,385
3741,203
3741,260
3741,301
3742,483
3742,312
3742,78
3743,26
3743,100
3743,444
3744,95
3744,244
3744,88
3745,414
3745,7
3745,345
3746,103
3746,84
3746,322
3747,326
3747,351
3747,184
3748,393
3748,55
3748,400
3749,116
3749,265
3749,405
3750,123
3750,488
3750,228
3751,326
3751,368
3751,56
3752,255
3752,44
3752,414
3753,488
3753,290
3753,154
3754,11
3754,452
3754,57
3755,191
3755,36
3755,225
3756,435
3756,246
3756,227
3757,240
3757,225
3757,48
3758,138
3758,215
3758,45
3759,215
3759,385
3759,404
3760,1
3760,448
3760,123
3761,45
3761,419
3761,226
3762,206
3762,73
3762,500
3763,122
3763,387
3763,220
3764,11
3764,490
3764,72
3765,292
3765,229
3765,406
3766,190
3766,488
3766,172
3767,372
3767,75
3767,200
3768,493
3768,196
3768,419
3769,97
3769,230
3769,193
3770,242
3770,56
3770,478
3771,154
3771,127
3771,423
3772,384
3772,288
3772,387
3773,105
3773,270
3773,224
3774,456
3774,296
3774,406
3775,27
3775,116
3775,4
3776,48
3776,454
3776,277
3777,121
3777,73
3777,395
3778,387
3778,385
3778,463
3779,148
3779,476
3779,177
3780,167
3780,229
3780,187
3781,364
3781,123
3781,283
3782,60
3782,312
3782,235
3783,146
3783,19
3783,365
3784,277
3784,82
3784,343
3785,447
3785,52
3785,16
3786,244
3786,143
3786,204
3787,438
3787,17
3787,432
3788,442
3788,400
3788,152
3789,441
3789,439
3789,31
3790,121
3790,444
3790,416
3791,364
3791,263
3791,147
3792,467
3792,358
3792,93
3793,429
3793,264
3793,355
3794,242
3794,81
3794,247
3795,203
3795,219
3795,465
3796,174
3796,122
3796,161
3797,97
3797,247
3797,246
3798,91
3798,198
3798,429
3799,494
3799,400
3799,198
3800,187
3800,179
3800,263
3801,197
3801,276
3801,495
3802,195
3802,441
3802,83
3803,129
3803,213
3803,20
3804,258
3804,340
3804,273
3805,256
3805,392
3805,27
3806,189
3806,493
3806,3
3807,357
3807,55
3807,353
3808,163
3808,324
3808,489
3809,420
3809,187
3809,387
3810,255
3810,193
3810,448
3811,139
3811,129
3811,484
3812,293
3812,305
3812,145
3813,441
3813,41
3813,192
3814,434
3814,329
3814,431
3815,423
3815,387
3815,352
3816,302
3816,459
3816,417
3817,78
3817,405
3817,323
3818,260
3818,44
3818,14
3819,185
3819,89
3819,247
3820,355
3820,20
3820,323
3821,88
3821,177
3821,396
3822,232
3822,45
3822,83
3823,345
3823,258
3823,155
3824,79
3824,423
3824,350
3825,304
3825,236
3825,309
3826,229
3826,423
3826,286
3827,467
3827,305
3827,373
3828,186
3828,316
3828,243
3829,190
3829,471
3829,461
3830,230
3830,108
3830,380
3831,144
3831,440
3831,145
3832,24
3832,469
3832,449
3833,82
3833,53
3833,497
3834,220
3834,221
3834,342
3835,48
3835,168
3835,477
3836,468
3836,407
3836,176
3837,219
3837,492
3837,348
3838,325
3838,205
3838,218
3839,261
3839,295
3839,454
3840,407
3840,438
3840,366
3841,258
3841,377
3841,487
3842,220
3842,105
3842,184
3843,172
3843,475
3843,148
3844,49
3844,391
3844,8
3845,237
3845,491
3845,347
3846,9
3846,102
3846,116
3847,12
3847,77
3847,235
3848,313
3848,29
3848,463
3849,483
3849,204
3849,8
3850,461
3850,117
3850,153
3851,232
3851,167
3851,115
3852,84
3852,458
3852,496
3853,404
3853,167
3853,292
3854,218
3854,433
3854,284
3855,397
3855,269
3855,106
3856,437
3856,424
3856,66
3857,73
3857,376
3857,173
3858,263
3858,197
3858,334
3859,123
3859,340
3859,120
3860,395
3860,11
3860,104
3861,105
3861,104
3861,37
3862,326
3862,45
3862,117
3863,43
3863,112
3863,100
3864,142
3864,210
3864,157
3865,433
3865,311
3865,356
3866,446
3866,131
3866,96
3867,186
3867,187
3867,54
3868,227
3868,154
3868,153
3869,218
3869,55
3869,101
3870,236
3870,311
3870,127
3871,491
3871,131
3871,23
3872,91
3872,403
3872,81
3873,386
3873,158
3873,104
3874,183
3874,241
3874,340
3875,45
3875,480
3875,145
3876,262
3876,315
3876,75
3877,136
3877,276
3877,86
3878,82
3878,213
3878,284
3879,184
3879,62
3879,172
3880,141
3880,89
3880,239
3881,439
3881,328
3881,429
3882,113
3882,34
3882,439
3883,53
3883,467
3883,324
3884,286
3884,290
3884,369
3885,473
3885,430
3885,227
3886,45
3886,90
3886,369
3887,266
3887,305
3887,319
3888,201
3888,353
3888,71
3889,500
3889,75
3889,490
3890,200
3890,5
3890,471
3891,62
3891,218
3891,339
3892,433
3892,272
3892,35
3893,426
3893,59
3893,483
3894,364
3894,151
3894,24
3895,453
3895,41
3895,445
3896,104
3896,363
3896,273
3897,112
3897,128
3897,263
3898,411
3898,491
3898,175
3899,476
3899,483
3899,223
3900,70
3900,158
3900,461
3901,48
3901,352
3901,241
3902,376
3902,458
3902,249
3903,269
3903,261
3903,203
3904,112
3904,276
3904,328
3905,429
3905,189
3905,102
3906,178
3906,16
3906,469
3907,429
3907,171
3907,373
3908,258
3908,435
3908,81
3909,132
3909,406
3909,195
3910,445
3910,77
3910,433
3911,309
3911,218
3911,318
3912,2
3912,206
3912,31
3913,313
3913,443
3913,201
3914,141
3914,274
3914,340
3915,290
3915,363
3915,102
3916,365
3916,307
3916,493
3917,292
3917,73
3917,237
3918,497
3918,297
3918,377
3919,196
3919,191
3919,480
3920,273
3920,435
3920,347
3921,222
3921,443
3921,491
3922,215
3922,380
3922,82
3923,297
3923,324
3923,314
3924,277
3924,443
3924,103
3925,391
3925,281
3925,376
3926,360
3926,257
3926,282
3927,155
3927,260
3927,118
3928,269
3928,438
3928,23
3929,320
3929,365
3929,62
3930,156
3930,35
3930,91
3931,71
3931,464
3931,6
3932,465
3932,59
3932,381
3933,211
3933,368
3933,168
3934,128
3934,30
3934,329
3935,291
3935,386
3935,217
3936,305
3936,292
3936,477
3937,70
3937,111
3937,151
3938,64
3938,83
3938,330
3939,462
3939,59
3939,275
3940,320
3940,3
3940,455
3941,104
3941,180
3941,498
3942,38
3942,346
3942,136
3943,483
3943,345
3943,181
3944,396
3944,82
3944,326
3945,96
3945,400
3945,331
3946,108
3946,325
3946,74
3947,251
3947,284
3947,439
3948,196
3948,448
3948,98
3949,393
3949,472
3949,234
3950,297
3950,143
3950,434
3951,388
3951,152
3951,145
3952,217
3952,155
3952,424
3953,253
3953,151
3953,397
3954,340
3954,294
3954,417
3955,496
3955,26
3955,259
3956,155
3956,20
3956,127
3957,208
3957,273
3957,272
3958,46
3958,89
3958,446
3959,85
3959,153
3959,292
3960,210
3960,300
3960,191
3961,92
3961,443
3961,308
3962,180
3962,31
3962,84
3963,264
3963,91
3963,26
3964,308
3964,278
3964,59
3965,441
3965,84
3965,157
3966,155
3966,500
3966,422
3967,182
3967,160
3967,333
3968,377
3968,484
3968,391
3969,14
3969,142
3969,226
3970,390
3970,102
3970,497
3971,452
3971,7
3971,389
3972,494
3972,238
3972,101
3973,107
3973,135
3973,361
3974,264
3974,91
3974,118
3975,316
3975,150
3975,4
3976,357
3976,326
3976,114
3977,314
3977,160
3977,100
3978,216
3978,108
3978,360
3979,283
3979,7
3979,248
3980,493
3980,131
3980,58
3981,170
3981,195
3981,40
3982,382
3982,176
3982,301
3983,296
3983,411
3983,317
3984,13
3984,63
3984,416
3985,173
3985,338
3985,226
3986,263
3986,305
3986,309
3987,311
3987,430
3987,496
3988,400
3988,99
3988,15
3989,172
3989,70
3989,442
3990,203
3990,422
3990,175
3991,431
3991,40
3991,464
3992,242
3992,113
3992,423
3993,281
3993,277
3993,231
3994,241
3994,225
3994,255
3995,158
3995,458
3995,307
3996,331
3996,436
3996,490
3997,401
3997,204
3997,131
3998,341
3998,290
3998,284
3999,135
3999,128
3999,146
4000,266
4000,185
4000,226
4001,154
4001,107
4001,218
4002,420
4002,226
4002,54
4003,453
4003,271
4003,357
4004,33
4004,456
4004,360
4005,94
4005,294
4005,355
4006,126
4006,243
4006,381
4007,290
4007,366
4007,486
4008,74
4008,356
4008,397
4009,444
4009,233
4009,310
4010,174
4010,433
4010,44
4011,218
4011,392
4011,193
4012,229
4012,312
4012,21
4013,308
4013,7
4013,87
4014,168
4014,180
4014,133
4015,167
4015,311
4015,483
4016,177
4016,271
4016,388
4017,247
4017,166
4017,111
4018,76
4018,257
4018,50
4019,109
4019,20
4019,365
4020,293
4020,58
4020,264
4021,212
4021,84
4021,332
4022,103
4022,260
4022,184
4023,85
4023,158
4023,285
4024,272
4024,224
4024,122
4025,187
4025,251
4025,109
4026,73
4026,261
4026,134
4027,144
4027,225
4027,340
4028,186
4028,94
4028,473
4029,49
4029,119
4029,345
4030,398
4030,257
4030,85
4031,76
4031,321
4031,117
4032,60
4032,82
4032,454
4033,27
4033,195
4033,312
4034,384
4034,155
4034,79
4035,420
4035,487
4035,284
4036,144
4036,165
4036,482
4037,497
4037,146
4037,496
4038,233
4038,56
4038,327
4039,480
4039,186
4039,314
4040,289
4040,318
4040,461
4041,282
4041,152
4041,142
4042,25
4042,278
4042,461
4043,467
4043,240
4043,410
4044,132
4044,108
4044,442
4045,320
4045,85
4045,318
4046,183
4046,70
4046,302
4047,494
4047,453
4047,445
4048,331
4048,90
4048,159
4049,27
4049,413
4049,218
4050,432
4050,107
4050,230
4051,440
4051,201
4051,452
4052,184
4052,421
4052,168
4053,321
4053,79
4053,408
4054,154
4054,223
4054,427
4055,157
4055,111
4055,398
4056,371
4056,277
4056,375
4057,372
4057,35
4057,264
4058,128
4058,156
4058,142
4059,188
4059,296
4059,286
4060,52
4060,486
4060,263
4061,177
4061,125
4061,344
4062,442
4062,264
4062,120
4063,306
4063,336
4063,65
4064,400
4064,128
4064,279
4065,496
4065,349
4065,202
4066,431
4066,36
4066,60
4067,414
4067,203
4067,93
4068,354
4068,90
4068,340
4069,315
4069,453
4069,433
4070,313
4070,327
4070,34
4071,408
4071,112
4071,61
4072,55
4072,109
4072,284
4073,67
4073,268
4073,75
4074,390
4074,381
4074,349
4075,204
4075,112
4075,338
4076,132
4076,159
4076,262
4077,288
4077,205
4077,187
4078,335
4078,176
4078,455
4079,392
4079,54
4079,96
4080,29
4080,429
4080,43
4081,158
4081,341
4081,485
4082,294
4082,234
4082,398
4083,103
4083,249
4083,415
4084,277
4084,135
4084,45
4085,472
4085,7
4085,281
4086,443
4086,146
4086,246
4087,69
4087,219
4087,426
4088,388
4088,254
4088,326
4089,253
4089,417
4089,140
4090,13
4090,268
4090,61
4091,74
4091,438
4091,213
4092,433
4092,152
4092,367
4093,217
4093,97
4093,139
4094,334
4094,151
4094,67
4095,175
4095,423
4095,101
4096,354
4096,261
4096,402
4097,245
4097,493
4097,368
4098,219
4098,230
4098,415
4099,101
4099,106
4099,144
4100,260
4100,155
4100,166
4101,293
4101,158
4101,378
4102,361
4102,485
4102,366
4103,68
4103,245
4103,493
4104,108
4104,228
4104,35
4105,217
4105,58
4105,478
4106,323
4106,22
4106,436
4107,247
4107,90
4107,354
4108,349
4108,55
4108,368
4109,309
4109,173
4109,65
4110,134
4110,194
4110,64
4111,241
4111,251
4111,165
4112,162
4112,38
4112,167
4113,392
4113,323
4113,397
4114,178
4114,469
4114,160
4115,474
4115,188
4115,356
4116,147
4116,19
4116,402
4117,50
4117,305
4117,249
4118,112
4118,178
4118,319
4119,247
4119,102
4119,482
4120,80
4120,76
4120,6
4121,79
4121,21
4121,249
4122,111
4122,142
4122,233
4123,298
4123,491
4123,258
4124,484
4124,200
4124,15
4125,156
4125,321
4125,344
4126,219
4126,313
4126,288
4127,285
4127,415
4127,457
4128,352
4128,497
4128,399
4129,279
4129,60
4129,153
4130,108
4130,259
4130,88
4131,332
4131,254
4131,397
4132,151
4132,309
4132,320
4133,298
4133,391
4133,445
4134,386
4134,421
4134,347
4135,18
4135,118
4135,16
4136,457
4136,23
4136,200
4137,440
4137,9
4137,127
4138,423
4138,335
4138,34
4139,333
4139,11
4139,77
4140,482
4140,357
4140,143
4141,168
4141,114
4141,241
4142,327
4142,20
4142,243
4143,163
4143,61
4143,53
4144,25
4144,117
4144,486
4145,76
4145,140
4145,187
4146,252
4146,442
4146,186
4147,30
4147,103
4147,43
4148,342
4148,280
4148,114
4149,369
4149,298
4149,498
4150,149
4150,447
4150,472
4151,4
4151,469
4151,162
4152,86
4152,377
4152,72
4153,267
4153,289
4153,409
4154,385
4154,152
4154,406
4155,95
4155,213
4155,391
4156,239
4156,76
4156,350
4157,292
4157,391
4157,29
4158,235
4158,47
4158,474
4159,221
4159,498
4159,335
4160,2
4160,73
4160,38
4161,386
4161,437
4161,364
4162,373
4162,335
4162,35
4163,342
4163,470
4163,195
4164,257
4164,433
4164,134
4165,85
4165,276
4165,253
4166,426
4166,57
4166,435
4167,182
4167,13
4167,147
4168,31
4168,150
4168,300
4169,383
4169,432
4169,333
4170,287
4170,242
4170,106
4171,245
4171,336
4171,135
4172,283
4172,446
4172,37
4173,491
4173,360
4173,145
4174,130
4174,209
4174,77
4175,62
4175,408
4175,73
4176,441
4176,462
4176,429
4177,249
4177,188
4177,63
4178,363
4178,300
4178,331
4179,132
4179,186
4179,372
4180,78
4180,234
4180,328
4181,220
4181,39
4181,247
4182,144
4182,355
4182,14
4183,181
4183,388
4183,255
4184,269
4184,340
4184,209
4185,85
4185,159
4185,40
4186,52
4186,315
4186,136
4187,82
4187,401
4187,341
4188,133
4188,443
4188,9
4189,318
4189,222
4189,33
4190,227
4190,376
4190,242
4191,132
4191,200
4191,391
4192,1
4192,348
4192,312
4193,95
4193,35
4193,256
4194,338
4194,16
4194,263
4195,500
4195,24
4195,82
4196,48
4196,111
4196,167
4197,63
4197,196
4197,69
4198,294
4198,246
4198,224
4199,113
4199,39
4199,110
4200,29
4200,419
4200,218
4201,97
4201,395
4201,174
4202,101
4202,211
4202,482
4203,346
4203,101
4203,460
4204,72
4204,227
4204,407
4205,38
4205,33
4205,140
4206,29
4206,164
4206,273
4207,163
4207,64
4207,85
4208,32
4208,138
4208,452
4209,93
4209,370
4209,470
4210,219
4210,264
4210,18
4211,91
4211,121
4211,182
4212,408
4212,60
4212,124
4213,438
4213,458
4213,308
4214,120
4214,118
4214,223
4215,334
4215,58
4215,264
4216,99
4216,22
4216,369
4217,445
4217,29
4217,498
4218,337
4218,28
4218,124
4219,250
4219,457
4219,189
4220,404
4220,398
4220,448
4221,173
4221,6
4221,110
4222,21
4222,57
4222,383
4223,60
4223,263
4223,452
4224,207
4224,480
4224,18
4225,205
4225,228
4225,134
4226,405
4226,479
4226,237
4227,267
4227,111
4227,62
4228,209
4228,196
4228,210
4229,414
4229,95
4229,437
4230,359
4230,161
4230,221
4231,278
4231,196
4231,358
4232,238
4232,142
4232,113
4233,492
4233,266
4233,468
4234,57
4234,218
4234,127
4235,63
4235,485
4235,435
4236,65
4236,262
4236,236
4237,167
4237,470
4237,482
4238,256
4238,331
4238,352
4239,3
4239,251
4239,384
4240,411
4240,207
4240,195
4241,251
4241,102
4241,433
4242,178
4242,94
4242,101
4243,76
4243,210
4243,152
4244,451
4244,378
4244,421
4245,369
4245,264
4245,131
4246,398
4246,368
4246,363
4247,240
4247,419
4247,167
4248,417
4248,293
4248,237
4249,160
4249,246
4249,427
4250,332
4250,6
4250,305
4251,231
4251,7
4251,50
4252,451
4252,303
4252,148
4253,216
4253,124
4253,359
4254,9
4254,436
4254,135
4255,94
4255,347
4255,223
4256,55
4256,158
4256,468
4257,110
4257,104
4257,317
4258,107
4258,1
4258,371
4259,367
4259,335
4259,461
4260,394
4260,500
4260,336
4261,414
4261,276
4261,135
4262,325
4262,309
4262,160
4263,94
4263,406
4263,395
4264,65
4264,61
4264,381
4265,157
4265,12
4265,396
4266,267
4266,221
4266,274
4267,261
4267,403
4267,17
4268,54
4268,198
4268,92
4269,67
4269,368
4269,181
4270,457
4270,80
4270,420
4271,445
4271,460
4271,373
4272,235
4272,329
4272,498
4273,51
4273,184
4273,136
4274,98
4274,202
4274,32
4275,186
4275,190
4275,419
4276,221
4276,363
4276,57
4277,500
4277,221
4277,328
4278,367
4278,235
4278,266
4279,463
4279,171
4279,321
4280,477
4280,86
4280,63
4281,357
4281,460
4281,497
4282,364
4282,196
4282,222
4283,452
4283,21
4283,3
4284,490
4284,252
4284,40
4285,363
4285,64
4285,274
4286,84
4286,410
4286,14
4287,38
4287,448
4287,12
4288,116
4288,51
4288,419
4289,77
4289,347
4289,141
4290,430
4290,144
4290,64
4291,52
4291,401
4291,309
4292,444
4292,151
4292,180
4293,252
4293,86
4293,246
4294,77
4294,197
4294,93
4295,301
4295,111
4295,136
4296,179
4296,443
4296,284
4297,363
4297,334
4297,139
4298,353
4298,273
4298,111
4299,82
4299,117
4299,294
4300,499
4300,370
4300,243
4301,163
4301,240
4301,397
4302,499
4302,270
4302,157
4303,171
4303,64
4303,418
4304,31
4304,499
4304,203
4305,35
4305,60
4305,336
4306,27
4306,5
4306,17
4307,481
4307,406
4307,75
4308,397
4308,166
4308,203
4309,383
4309,195
4309,184
4310,464
4310,62
4310,332
4311,329
4311,125
4311,496
4312,366
4312,246
4312,84
4313,12
4313,348
4313,4
4314,73
4314,291
4314,286
4315,236
4315,113
4315,256
4316,372
4316,328
4316,53
4317,235
4317,111
4317,293
4318,118
4318,11
4318,431
4319,1
4319,457
4319,166
4320,95
4320,128
4320,319
4321,336
4321,373
4321,124
4322,418
4322,233
4322,336
4323,100
4323,145
4323,346
4324,405
4324,170
4324,122
4325,490
4325,234
4325,183
4326,198
4326,276
4326,193
4327,442
4327,69
4327,406
4328,32
4328,348
4328,5
4329,65
4329,281
4329,286
4330,128
4330,378
4330,284
4331,400
4331,98
4331,357
4332,438
4332,127
4332,333
4333,127
4333,169
4333,450
4334,263
4334,178
4334,403
4335,94
4335,369
4335,148
4336,324
4336,417
4336,318
4337,272
4337,207
4337,138
4338,141
4338,139
4338,41
4339,482
4339,386
4339,130
4340,231
4340,363
4340,200
4341,7
4341,100
4341,223
4342,63
4342,427
4342,490
4343,4
4343,336
4343,227
4344,446
4344,159
4344,297
4345,488
4345,317
4345,4
4346,280
4346,152
4346,402
4347,359
4347,362
4347,458
4348,238
4348,341
4348,413
4349,46
4349,387
4349,342
4350,244
4350,419
4350,277
4351,302
4351,499
4351,496
4352,48
4352,500
4352,235
4353,46
4353,270
4353,398
4354,117
4354,403
4354,490
4355,414
4355,88
4355,167
4356,325
4356,286
4356,113
4357,134
4357,100
4357,197
4358,449
4358,259
4358,23
4359,140
4359,53
4359,439
4360,241
4360,157
4360,395
4361,492
4361,458
4361,407
4362,146
4362,452
4362,117
4363,338
4363,391
4363,7
4364,159
4364,405
4364,256
4365,447
4365,260
4365,40
4366,361
4366,459
4366,156
4367,464
4367,365
4367,376
4368,435
4368,490
4368,273
4369,168
4369,167
4369,338
4370,327
4370,177
4370,221
4371,8
4371,486
4371,146
4372,270
4372,210
4372,42
4373,114
4373,40
4373,187
4374,121
4374,275
4374,309
4375,201
4375,226
4375,416
4376,467
4376,466
4376,171
4377,274
4377,187
4377,306
4378,24
4378,444
4378,43
4379,404
4379,411
4379,393
4380,46
4380,256
4380,327
4381,378
4381,431
4381,348
4382,81
4382,93
4382,73
4383,471
4383,372
4383,70
4384,204
4384,296
4384,55
4385,230
4385,160
4385,311
4386,377
4386,417
4386,183
4387,207
4387,14
4387,184
4388,247
4388,442
4388,455
4389,461
4389,490
4389,275
4390,55
4390,416
4390,474
4391,89
4391,404
4391,401
4392,213
4392,174
4392,46
4393,269
4393,413
4393,465
4394,64
4394,401
4394,206
4395,467
4395,188
4395,362
4396,353
4396,351
4396,125
4397,460
4397,109
4397,315
4398,330
4398,266
4398,310
4399,72
4399,417
4399,474
4400,208
4400,406
4400,130
4401,172
4401,217
4401,108
4402,114
4402,175
4402,98
4403,64
4403,307
4403,293
4404,314
4404,416
4404,255
4405,123
4405,265
4405,168
4406,406
4406,487
4406,415
4407,356
4407,262
4407,373
4408,224
4408,465
4408,466
4409,438
4409,59
4409,54
4410,450
4410,388
4410,124
4411,123
4411,345
4411,275
4412,379
4412,195
4412,146
4413,369
4413,266
4413,358
4414,217
4414,497
4414,103
4415,422
4415,306
4415,392
4416,467
4416,39
4416,257
4417,312
4417,29
4417,373
4418,356
4418,211
4418,249
4419,110
4419,217
4419,332
4420,79
4420,323
4420,63
4421,342
4421,425
4421,430
4422,292
4422,58
4422,431
4423,182
4423,238
4423,284
4424,420
4424,129
4424,86
4425,48
4425,230
4425,194
4426,389
4426,65
4426,400
4427,31
4427,373
4427,474
4428,25
4428,384
4428,89
4429,33
4429,260
4429,126
4430,356
4430,384
4430,54
4431,336
4431,92
4431,454
4432,382
4432,412
4432,369
4433,83
4433,299
4433,202
4434,251
4434,60
4434,106
4435,467
4435,109
4435,353
4436,317
4436,340
4436,15
4437,368
4437,101
4437,436
4438,426
4438,20
4438,336
4439,16
4439,282
4439,220
4440,39
4440,222
4440,431
4441,211
4441,271
4441,348
4442,339
4442,63
4442,360
4443,115
4443,395
4443,238
4444,405
4444,94
4444,477
4445,61
4445,477
4445,192
4446,265
4446,336
4446,165
4447,11
4447,481
4447,497
4448,301
4448,179
4448,68
4449,392
4449,175
4449,427
4450,303
4450,389
4450,35
4451,99
4451,46
4451,159
4452,226
4452,61
4452,16
4453,376
4453,194
4453,130
4454,492
4454,188
4454,393
4455,272
4455,116
4455,480
4456,229
4456,232
4456,113
4457,476
4457,264
4457,358
4458,485
4458,374
4458,167
4459,368
4459,388
4459,315
4460,81
4460,155
4460,296
4461,198
4461,320
4461,432
4462,477
4462,350
4462,189
4463,84
4463,13
4463,158
4464,60
4464,406
4464,59
4465,485
4465,174
4465,27
4466,197
4466,381
4466,158
4467,436
4467,99
4467,473
4468,295
4468,375
4468,388
4469,221
4469,74
4469,407
4470,347
4470,82
4470,211
4471,145
4471,234
4471,419
4472,186
4472,279
4472,112
4473,104
4473,53
4473,122
4474,318
4474,246
4474,96
4475,347
4475,150
4475,275
4476,31
4476,479
4476,22
4477,179
4477,322
4477,119
4478,335
4478,336
4478,386
4479,449
4479,374
4479,103
4480,87
4480,469
4480,321
4481,37
4481,473
4481,47
4482,206
4482,126
4482,190
4483,338
4483,250
4483,188
4484,105
4484,415
4484,467
4485,437
4485,196
4485,119
4486,19
4486,57
4486,460
4487,499
4487,117
4487,85
4488,332
4488,80
4488,246
4489,271
4489,74
4489,51
4490,308
4490,498
4490,221
4491,75
4491,23
4491,96
4492,409
4492,230
4492,457
4493,371
4493,412
4493,439
4494,53
4494,493
4494,348
4495,368
4495,375
4495,148
4496,500
4496,261
4496,160
4497,151
4497,379
4497,438
4498,494
4498,278
4498,56
4499,350
4499,37
4499,473
4500,440
4500,412
4500,296
4501,272
4501,291
4501,311
4502,461
4502,108
4502,326
4503,137
4503,198
4503,85
4504,230
4504,381
4504,341
4505,469
4505,120
4505,416
4506,272
4506,118
4506,67
4507,218
4507,288
4507,244
4508,369
4508,346
4508,420
4509,98
4509,63
4509,43
4510,394
4510,261
4510,26
4511,420
4511,320
4511,466
4512,338
4512,225
4512,65
4513,394
4513,90
4513,373
4514,298
4514,429
4514,313
4515,404
4515,35
4515,389
4516,157
4516,481
4516,103
4517,495
4517,86
4517,96
4518,51
4518,173
4518,358
4519,433
4519,86
4519,294
4520,405
4520,125
4520,1
4521,131
4521,421
4521,149
4522,233
4522,262
4522,466
4523,401
4523,483
4523,394
4524,428
4524,292
4524,154
4525,114
4525,122
4525,474
4526,293
4526,42
4526,27
4527,296
4527,414
4527,451
4528,102
4528,274
4528,336
4529,217
4529,271
4529,144
4530,285
4530,110
4530,237
4531,203
4531,405
4531,342
4532,28
4532,304
4532,143
4533,268
4533,174
4533,209
4534,244
4534,343
4534,329
4535,131
4535,169
4535,263
4536,222
4536,233
4536,195
4537,105
4537,498
4537,212
4538,284
4538,348
4538,58
4539,430
4539,493
4539,399
4540,287
4540,479
4540,409
4541,162
4541,232
4541,273
4542,164
4542,115
4542,361
4543,379
4543,311
4543,355
4544,435
4544,474
4544,108
4545,74
4545,180
4545,288
4546,489
4546,23
4546,38
4547,490
4547,283
4547,227
4548,339
4548,163
4548,363
4549,473
4549,474
4549,495
4550,191
4550,181
4550,412
4551,314
4551,485
4551,255
4552,200
4552,227
4552,353
4553,127
4553,218
4553,270
4554,75
4554,343
4554,500
4555,447
4555,82
4555,209
4556,197
4556,201
4556,232
4557,159
4557,358
4557,463
4558,451
4558,76
4558,485
4559,355
4559,237
4559,227
4560,443
4560,63
4560,395
4561,14
4561,236
4561,330
4562,202
4562,99
4562,34
4563,259
4563,387
4563,452
4564,85
4564,367
4564,164
4565,144
4565,262
4565,220
4566,16
4566,251
4566,417
4567,56
4567,344
4567,214
4568,387
4568,483
4568,49
4569,466
4569,268
4569,452
4570,277
4570,61
4570,450
4571,53
4571,347
4571,204
4572,354
4572,20
4572,5
4573,452
4573,170
4573,364
4574,108
4574,285
4574,421
4575,42
4575,107
4575,500
4576,324
4576,404
4576,261
4577,197
4577,335
4577,78
4578,367
4578,394
4578,214
4579,441
4579,405
4579,157
4580,55
4580,77
4580,97
4581,171
4581,264
4581,15
4582,408
4582,218
4582,349
4583,104
4583,255
4583,197
4584,88
4584,196
4584,36
4585,352
4585,38
4585,94
4586,259
4586,121
4586,415
4587,106
4587,338
4587,33
4588,394
4588,73
4588,55
4589,163
4589,171
4589,83
4590,48
4590,104
4590,277
4591,342
4591,294
4591,243
4592,342
4592,1
4592,171
4593,138
4593,409
4593,357
4594,471
4594,58
4594,386
4595,488
4595,258
4595,280
4596,34
4596,56
4596,202
4597,302
4597,169
4597,142
4598,378
4598,142
4598,483
4599,84
4599,473
4599,500
4600,24
4600,197
4600,28
4601,74
4601,10
4601,358
4602,367
4602,236
4602,257
4603,232
4603,256
4603,276
4604,500
4604,121
4604,80
4605,90
4605,28
4605,251
4606,464
4606,138
4606,130
4607,268
4607,53
4607,401
4608,297
4608,465
4608,340
4609,261
4609,192
4609,414
4610,153
4610,229
4610,94
4611,462
4611,487
4611,278
4612,472
4612,4
4612,320
4613,144
4613,196
4613,197
4614,443
4614,483
4614,394
4615,293
4615,107
4615,86
4616,268
4616,278
4616,284
4617,33
4617,476
4617,15
4618,400
4618,90
4618,451
4619,426
4619,469
4619,232
4620,494
4620,74
4620,487
4621,494
4621,72
4621,94
4622,404
4622,113
4622,453
4623,361
4623,410
4623,274
4624,268
4624,493
4624,167
4625,309
4625,186
4625,74
4626,408
4626,214
4626,149
4627,24
4627,70
4627,462
4628,306
4628,1
4628,71
4629,142
4629,336
4629,5
4630,424
4630,292
4630,200
4631,307
4631,54
4631,435
4632,9
4632,483
4632,447
4633,247
4633,100
4633,214
4634,414
4634,474
4634,285
4635,492
4635,192
4635,261
4636,468
4636,447
4636,454
4637,286
4637,225
4637,214
4638,456
4638,368
4638,122
4639,55
4639,349
4639,64
4640,464
4640,460
4640,116
4641,221
4641,12
4641,49
4642,355
4642,105
4642,390
4643,473
4643,411
4643,386
4644,402
4644,471
4644,326
4645,85
4645,313
4645,450
4646,357
4646,417
4646,36
4647,208
4647,307
4647,16
4648,200
4648,285
4648,260
4649,283
4649,252
4649,100
4650,496
4650,371
4650,389
4651,248
4651,347
4651,216
4652,362
4652,365
4652,291
4653,319
4653,7
4653,260
4654,180
4654,390
4654,273
4655,500
4655,7
4655,26
4656,347
4656,273
4656,162
4657,494
4657,194
4657,254
4658,252
4658,417
4658,312
4659,306
4659,282
4659,236
4660,185
4660,431
4660,67
4661,422
4661,159
4661,205
4662,341
4662,241
4662,103
4663,275
4663,491
4663,427
4664,287
4664,391
4664,156
4665,424
4665,235
4665,254
4666,270
4666,186
4666,299
4667,474
4667,287
4667,457
4668,160
4668,146
4668,154
4669,374
4669,270
4669,64
4670,110
4670,160
4670,351
4671,248
4671,259
4671,104
4672,177
4672,34
4672,245
4673,262
4673,276
4673,177
4674,428
4674,137
4674,45
4675,36
4675,446
4675,31
4676,408
4676,246
4676,336
4677,268
4677,229
4677,174
4678,397
4678,283
4678,223
4679,327
4679,44
4679,184
4680,40
4680,354
4680,428
4681,15
4681,129
4681,40
4682,1
4682,100
4682,341
4683,280
4683,469
4683,68
4684,167
4684,440
4684,153
4685,303
4685,53
4685,320
4686,121
4686,404
4686,94
4687,116
4687,183
4687,374
4688,130
4688,479
4688,449
4689,22
4689,296
4689,237
4690,457
4690,127
4690,213
4691,364
4691,208
4691,183
4692,488
4692,245
4692,475
4693,395
4693,232
4693,364
4694,488
4694,31
4694,398
4695,198
4695,498
4695,235
4696,116
4696,306
4696,455
4697,62
4697,187
4697,262
4698,354
4698,113
4698,488
4699,329
4699,167
4699,264
4700,456
4700,131
4700,94
4701,420
4701,140
4701,364
4702,214
4702,99
4702,87
4703,331
4703,449
4703,92
4704,425
4704,84
4704,209
4705,424
4705,193
4705,112
4706,187
4706,389
4706,361
4707,94
4707,15
4707,18
4708,416
4708,228
4708,157
4709,276
4709,404
4709,309
4710,293
4710,362
4710,315
4711,339
4711,438
4711,163
4712,298
4712,25
4712,48
4713,499
4713,95
4713,217
4714,6
4714,107
4714,495
4715,27
4715,126
4715,119
4716,221
4716,437
4716,466
4717,26
4717,478
4717,41
4718,278
4718,94
4718,223
4719,175
4719,205
4719,453
4720,209
4720,77
4720,392
4721,173
4721,474
4721,430
4722,398
4722,353
4722,419
4723,2
4723,478
4723,405
4724,389
4724,142
4724,425
4725,208
4725,66
4725,481
4726,152
4726,126
4726,55
4727,106
4727,90
4727,47
4728,213
4728,129
4728,8
4729,271
4729,373
4729,35
4730,70
4730,430
4730,371
4731,270
4731,349
4731,178
4732,298
4732,304
4732,439
4733,42
4733,9
4733,351
4734,323
4734,202
4734,331
4735,315
4735,386
4735,14
4736,138
4736,359
4736,426
4737,111
4737,185
4737,120
4738,249
4738,491
4738,46
4739,370
4739,384
4739,300
4740,425
4740,442
4740,362
4741,118
4741,343
4741,144
4742,463
4742,160
4742,266
4743,398
4743,85
4743,417
4744,100
4744,310
4744,223
4745,465
4745,128
4745,175
4746,191
4746,143
4746,474
4747,453
4747,252
4747,270
4748,399
4748,214
4748,150
4749,302
4749,76
4749,343
4750,474
4750,61
4750,442
4751,458
4751,127
4751,46
4752,87
4752,80
4752,269
4753,33
4753,273
4753,464
4754,420
4754,397
4754,77
4755,34
4755,181
4755,316
4756,476
4756,377
4756,55
4757,145
4757,178
4757,37
4758,269
4758,295
4758,55
4759,431
4759,133
4759,462
4760,121
4760,233
4760,447
4761,499
4761,440
4761,366
4762,391
4762,484
4762,308
4763,64
4763,163
4763,413
4764,218
4764,397
4764,481
4765,484
4765,229
4765,134
4766,288
4766,296
4766,291
4767,311
4767,141
4767,169
4768,439
4768,364
4768,199
4769,235
4769,141
4769,334
4770,455
4770,98
4770,206
4771,405
4771,176
4771,292
4772,14
4772,87
4772,478
4773,477
4773,331
4773,245
4774,162
4774,331
4774,447
4775,170
4775,79
4775,90
4776,336
4776,229
4776,308
4777,166
4777,494
4777,361
4778,462
4778,221
4778,267
4779,54
4779,9
4779,309
4780,80
4780,165
4780,76
4781,490
4781,411
4781,307
4782,139
4782,357
4782,55
4783,399
4783,474
4783,204
4784,230
4784,186
4784,423
4785,348
4785,408
4785,88
4786,42
4786,279
4786,355
4787,469
4787,137
4787,349
4788,222
4788,421
4788,92
4789,302
4789,218
4789,488
4790,191
4790,294
4790,198
4791,267
4791,283
4791,372
4792,487
4792,278
4792,433
4793,38
4793,451
4793,111
4794,58
4794,69
4794,187
4795,382
4795,58
4795,238
4796,157
4796,35
4796,292
4797,397
4797,468
4797,91
4798,151
4798,119
4798,192
4799,262
4799,481
4799,270
4800,65
4800,348
4800,92
4801,277
4801,119
4801,334
4802,389
4802,366
4802,430
4803,267
4803,47
4803,219
4804,191
4804,30
4804,10
4805,362
4805,342
4805,174
4806,470
4806,437
4806,201
4807,161
4807,338
4807,376
4808,404
4808,187
4808,460
4809,412
4809,216
4809,44
4810,211
4810,435
4810,329
4811,335
4811,263
4811,455
4812,26
4812,144
4812,230
4813,151
4813,57
4813,376
4814,430
4814,413
4814,282
4815,130
4815,223
4815,136
4816,480
4816,454
4816,362
4817,68
4817,148
4817,422
4818,484
4818,413
4818,79
4819,487
4819,375
4819,249
4820,406
4820,473
4820,171
4821,353
4821,43
4821,264
4822,433
4822,153
4822,176
4823,37
4823,441
4823,363
4824,375
4824,340
4824,124
4825,341
4825,417
4825,140
4826,414
4826,458
4826,487
4827,201
4827,440
4827,356
4828,380
4828,92
4828,224
4829,218
4829,6
4829,459
4830,344
4830,279
4830,458
4831,244
4831,99
4831,113
4832,198
4832,308
4832,393
4833,13
4833,448
4833,442
4834,209
4834,63
4834,375
4835,353
4835,355
4835,296
4836,464
4836,313
4836,322
4837,35
4837,198
4837,226
4838,231
4838,240
4838,355
4839,299
4839,260
4839,21
4840,346
4840,51
4840,486
4841,48
4841,69
4841,483
4842,270
4842,171
4842,454
4843,377
4843,169
4843,496
4844,176
4844,379
4844,2
4845,278
4845,309
4845,32
4846,426
4846,105
4846,49
4847,411
4847,421
4847,482
4848,347
4848,260
4848,460
4849,343
4849,199
4849,412
4850,104
4850,260
4850,123
4851,137
4851,333
4851,475
4852,243
4852,244
4852,37
4853,474
4853,10
4853,128
4854,453
4854,281
4854,176
4855,386
4855,149
4855,101
4856,274
4856,478
4856,121
4857,450
4857,157
4857,59
4858,327
4858,255
4858,397
4859,104
4859,123
4859,420
4860,190
4860,472
4860,488
4861,87
4861,157
4861,137
4862,150
4862,182
4862,37
4863,348
4863,23
4863,149
4864,217
4864,13
4864,41
4865,449
4865,312
4865,98
4866,271
4866,57
4866,265
4867,449
4867,53
4867,383
4868,277
4868,229
4868,246
4869,344
4869,484
4869,423
4870,167
4870,480
4870,17
4871,178
4871,455
4871,177
4872,275
4872,188
4872,56
4873,98
4873,439
4873,232
4874,176
4874,291
4874,418
4875,419
4875,477
4875,496
4876,486
4876,461
4876,301
4877,401
4877,52
4877,257
4878,441
4878,226
4878,322
4879,394
4879,235
4879,69
4880,444
4880,322
4880,267
4881,493
4881,142
4881,70
4882,2
4882,168
4882,445
4883,328
4883,131
4883,410
4884,395
4884,95
4884,118
4885,233
4885,56
4885,480
4886,418
4886,275
4886,192
4887,133
4887,5
4887,491
4888,243
4888,466
4888,423
4889,447
4889,339
4889,481
4890,439
4890,133
4890,5
4891,267
4891,259
4891,386
4892,219
4892,116
4892,410
4893,444
4893,102
4893,73
4894,331
4894,400
4894,356
4895,181
4895,176
4895,255
4896,164
4896,119
4896,279
4897,113
4897,401
4897,327
4898,166
4898,89
4898,202
4899,312
4899,436
4899,149
4900,310
4900,43
4900,480
4901,390
4901,500
4901,39
4902,2
4902,358
4902,145
4903,166
4903,13
4903,162
4904,14
4904,68
4904,284
4905,83
4905,207
4905,209
4906,240
4906,178
4906,4
4907,225
4907,484
4907,257
4908,424
4908,271
4908,237
4909,430
4909,80
4909,391
4910,178
4910,31
4910,420
4911,465
4911,183
4911,357
4912,311
4912,401
4912,7
4913,474
4913,223
4913,98
4914,185
4914,53
4914,165
4915,169
4915,202
4915,246
4916,122
4916,463
4916,204
4917,50
4917,56
4917,167
4918,366
4918,311
4918,289
4919,25
4919,100
4919,58
4920,450
4920,199
4920,445
4921,236
4921,469
4921,220
4922,430
4922,183
4922,350
4923,138
4923,105
4923,208
4924,257
4924,311
4924,427
4925,345
4925,435
4925,277
4926,284
4926,4
4926,196
4927,385
4927,360
4927,112
4928,10
4928,428
4928,480
4929,476
4929,183
4929,436
4930,450
4930,449
4930,273
4931,373
4931,498
4931,2
4932,416
4932,445
4932,129
4933,37
4933,312
4933,243
4934,335
4934,103
4934,54
4935,83
4935,196
4935,429
4936,16
4936,74
4936,102
4937,468
4937,320
4937,91
4938,269
4938,476
4938,343
4939,255
4939,32
4939,285
4940,452
4940,431
4940,337
4941,247
4941,456
4941,440
4942,120
4942,477
4942,6
4943,86
4943,53
4943,24
4944,362
4944,242
4944,430
4945,226
4945,338
4945,478
4946,397
4946,259
4946,247
4947,220
4947,180
4947,6
4948,392
4948,468
4948,80
4949,210
4949,271
4949,274
4950,51
4950,9
4950,22
4951,333
4951,462
4951,499
4952,71
4952,6
4952,354
4953,364
4953,61
4953,326
4954,294
4954,393
4954,171
4955,34
4955,25
4955,330
4956,128
4956,279
4956,172
4957,104
4957,251
4957,250
4958,312
4958,180
4958,297
4959,486
4959,471
4959,146
4960,370
4960,79
4960,327
4961,12
4961,477
4961,431
4962,353
4962,429
4962,208
4963,370
4963,75
4963,331
4964,196
4964,153
4964,465
4965,206
4965,327
4965,275
4966,323
4966,303
4966,440
4967,58
4967,272
4967,74
4968,304
4968,424
4968,361
4969,62
4969,11
4969,182
4970,267
4970,415
4970,210
4971,390
4971,283
4971,226
4972,37
4972,92
4972,79
4973,153
4973,283
4973,260
4974,17
4974,64
4974,150
4975,26
4975,90
4975,180
4976,161
4976,117
4976,111
4977,249
4977,220
4977,290
4978,117
4978,99
4978,247
4979,275
4979,482
4979,414
4980,470
4980,381
4980,477
4981,205
4981,202
4981,220
4982,295
4982,77
4982,47
4983,475
4983,215
4983,116
4984,331
4984,315
4984,306
4985,149
4985,222
4985,137
4986,31
4986,311
4986,390
4987,334
4987,321
4987,259
4988,499
4988,213
4988,289
4989,8
4989,205
4989,283
4990,190
4990,98
4990,212
4991,335
4991,475
4991,32
4992,441
4992,135
4992,131
4993,317
4993,488
4993,394
4994,457
4994,409
4994,363
4995,111
4995,329
4995,5
4996,166
4996,192
4996,100
4997,239
4997,288
4997,253
4998,222
4998,287
4998,314
4999,371
4999,170
4999,499
5000,40
5000,77
5000,39
